Frame,Center of Mass distance,Symmetry,Grounding,Arm fold,Leg fold,Kinetic Energy,Potential energy,Bone length coherence,Torque,Center velocity
1,0.25904898779460017,0.1815107503376043,0.723488568905852,0.03905947946031368,0.0,0.19541273766550116,0.9999999698400135,0.9999942708061735,0.023845326176211237,0.16076668754543144
2,0.27036002537025405,0.17630779467221988,0.7327688112775314,0.04700061965034094,0.04251133289287278,0.19541273766550116,0.9999999698400135,0.9697778370916804,0.023845326176211237,0.16076668754543144
3,0.27367338808616715,0.17954458339025953,0.736111983680897,0.052557662493123124,0.06689903683635054,0.20110206232345618,0.9730740318525143,0.9483272433119863,0.352792538651858,0.20927453593583215
4,0.2738333652563346,0.18246650266660816,0.737156031576558,0.058752114636858616,0.08077390524743669,0.13711161785254095,0.9605637971607862,0.9325394297025031,0.22266572532747747,0.12733121453329505
5,0.26944935287646476,0.18620620111586766,0.735615065478859,0.06073650114653717,0.08524710750845337,0.09641154500899757,0.9540870206210531,0.9214101342988168,0.0790110256807918,0.07798299566204248
6,0.26903424821832994,0.18997113265802376,0.7353331437544272,0.0588895082041903,0.08542568476953573,0.08248716457336222,0.9503133412509777,0.912148627459375,0.16939528559882594,0.07879620054393215
7,0.26776883299101634,0.1935722464997188,0.7341123373632136,0.0557731942558329,0.08141034467907148,0.055746102763139384,0.9488800154620471,0.904823621219066,0.083537489423796,0.052390468777874066
8,0.2653152822637213,0.19724014743737658,0.7319665159130342,0.05272395208305424,0.07245877112827305,0.040891669624499506,0.9514936564611325,0.8987410745469745,0.1872025847440104,0.03897793019451303
9,0.2676922657095591,0.19747773287167933,0.7323191901937909,0.05121210457547763,0.0636561373244052,0.011682401534725629,0.9535745846652497,0.8938330665592377,0.04256113360795891,0.00835294027759548
10,0.26961063066968405,0.19638408708757696,0.7325233367756626,0.051341797221213285,0.0550604738927069,0.01995567645260922,0.9536288311739906,0.8900746603285635,0.0567794135810262,0.018218264776927763
11,0.2707948255275849,0.1937928429934575,0.7331026299142451,0.054019863296786846,0.054100434728839096,0.03507637528035995,0.9535035134312649,0.8873827686199438,0.11842312758607862,0.04428953318290701
12,0.27611779477609705,0.18812530686206233,0.7364346364054961,0.057836647551640745,0.058681837440273756,0.062039136803921154,0.9496138509683366,0.8855351315144664,0.13167340059057575,0.0742314291028599
13,0.2856474629113234,0.18062514285671927,0.7416023820516894,0.060490942944328545,0.06396732476945159,0.08954063192543606,0.9418824215079671,0.8844314064989044,0.018146056549060624,0.09904916479917794
14,0.2916602687595695,0.17428916509156137,0.74489088362121,0.061506597290033285,0.06638666774320832,0.08708284966480993,0.936209746670976,0.8838711799670027,0.03419535896280598,0.09494954564954054
15,0.300613888645386,0.16793697644574299,0.7486079034028329,0.06061054539719441,0.06415520998299701,0.09768445048988601,0.9343198527962956,0.8832952462777368,0.05892519629439414,0.0913248158130036
16,0.31022153504404826,0.16162355798136763,0.7525740845440985,0.05702778257185145,0.059944824820583414,0.115471445014318,0.9329632834845757,0.8834622119335404,0.03769855583331194,0.11890815320887538
17,0.3170310386399942,0.15643704460334726,0.7547501382280226,0.05622723556264297,0.05566207767314646,0.10750391804398636,0.9328786674841344,0.8840311309498211,0.0,0.10060989569125507
18,0.3242778628026792,0.15114924880829614,0.7575467076317328,0.05477941465273474,0.055292420968645305,0.11151206220815756,0.933634440359623,0.8850332749460653,0.0008809822602993501,0.11436719631219953
19,0.33295621403905185,0.14524069768608122,0.7612060017544983,0.054563982342373585,0.06016705376106612,0.11299839664889876,0.9316702142652745,0.8864694302572121,0.16347132845283885,0.11842318464962741
20,0.33258415890477827,0.14256855128519624,0.761071168098773,0.05494032976341931,0.06589599898224813,0.08113748820382907,0.931798829733701,0.8882967616726914,0.006578844261830314,0.08633834134857017
21,0.33574308172559136,0.1389248635037701,0.761744388328258,0.05612614220213498,0.06395727717100545,0.08825210765682265,0.9340402038199889,0.8901803492421795,0.0430154796430118,0.0861426959183799
22,0.33559451798031065,0.13636620204822927,0.7615910150448704,0.05605176714567336,0.07060058953429217,0.08046272285498403,0.9345578324128004,0.8919851519722763,0.04284304884171796,0.08405732392721711
23,0.3343719703491529,0.1344533729440516,0.7610584221047552,0.054096349441991064,0.07546869862255444,0.07290042254116556,0.9348302327450777,0.8937522003640852,0.0018755736752401812,0.08333286704261368
24,0.3278443798047421,0.13523240076372398,0.7572395045968523,0.04884370856553854,0.0731161017593683,0.08025171594082442,0.9373601232078717,0.8950211033803105,0.011090306408105075,0.07911808692739701
25,0.3186474821914946,0.13693189697274594,0.7529012668368197,0.04246047704749781,0.07877725871423745,0.08474637565827131,0.9416423893529682,0.8955583339863614,0.016415193255468207,0.09696720988299226
26,0.30307061793861717,0.14066886940685383,0.7463767926428211,0.04177648838757321,0.09343978478813335,0.09821963159141658,0.9456764141222459,0.8954001890776625,0.1262753511846509,0.11765262456280287
27,0.28115969378243005,0.1461824569019065,0.7372495724252176,0.05238144331304595,0.1122954957359456,0.13166080146182024,0.9503120492569165,0.8945107108789796,0.04285633404001548,0.1630015189647198
28,0.2616788863830763,0.15275026505095118,0.7300524749215639,0.07204698958592293,0.13132069148459247,0.14961382461442982,0.9513607263186805,0.8927610088436576,0.13467186391424676,0.17078529185069777
29,0.23596562386043857,0.16377689558904662,0.7194232288469384,0.09707680605102326,0.1529037415467614,0.18150614798438466,0.951426805289499,0.890069809271539,0.20664963620611576,0.20202241252530162
30,0.20262953131021771,0.18266267514988346,0.706090532862088,0.1230725366191914,0.169521012581851,0.22841503733454757,0.9546026840304679,0.8864793387794603,0.10182417387774702,0.22607162221862
31,0.1776211071654871,0.20373616119470278,0.694767701057894,0.14711115066792585,0.18427848766171706,0.2025513220345188,0.9569371363234753,0.8820982275941932,0.22323496122051892,0.2147280181175155
32,0.1641633776448486,0.22020629664979627,0.6896034667048186,0.164636666465997,0.20040259625275253,0.1527935821965875,0.9541003546415332,0.8770971238752618,0.11753946471352056,0.15727756200444215
33,0.1542216675268448,0.23145255799896097,0.6841138759314435,0.1768214430545016,0.2083398394319344,0.12644064362397472,0.9506801214115291,0.8719004848620853,0.12137710482357389,0.1560783268586816
34,0.14620539450657605,0.24077567157891872,0.6813642174037877,0.1876755368720237,0.21716390655546866,0.10371687182616235,0.9456645333469671,0.8664090544564118,0.04183796238063266,0.10625699987827357
35,0.1367191530021716,0.2460751343363295,0.6761037033934211,0.19115981227898138,0.21933431932784458,0.09141772898731533,0.941219717311465,0.8610253428876337,0.024565369476317392,0.10128190762517743
36,0.13011046793429634,0.25170141330881246,0.08370094127774404,0.18644093896980654,0.22561235277870242,0.10172966030537918,0.9410733492269646,0.8555331565558559,0.007117442899125999,0.11298729642723586
37,0.12417972884187929,0.2589711246084583,0.08659965419825258,0.1787989534849696,0.23440373866521638,0.10284358861514958,0.9370509059258209,0.8497731739411402,0.0010285066297825176,0.11498034111225024
38,0.12400166950943219,0.2591702450441667,0.08763720620164545,0.1780189958563552,0.24193455577582887,0.10482257503758798,0.9323995902771585,0.8440645980161873,0.01638935630513229,0.12920515823725118
39,0.11103562745052054,0.2665624892467936,0.09462332765831308,0.19016258058243093,0.24271894571446306,0.1053946524973766,0.9316205801640225,0.8384751404439671,0.0019221693691947705,0.10317060586807074
40,0.11033180158076665,0.2670431075976807,0.09562402864043429,0.20869308642577974,0.2515143658960976,0.10290165717110093,0.9332895012213533,0.8331837479595277,0.27347436310143713,0.11620846381675742
41,0.10400352415316602,0.2718904757138218,0.0982018971522994,0.22216797972866806,0.26394889958777207,0.062110663791615756,0.9344489902442139,0.8279867517640793,0.06346488823321376,0.047011720314035006
42,0.10376143945115554,0.2725873784883682,0.09795445632628466,0.23263878622785608,0.2687880466118829,0.04569935195341,0.9346350267704768,0.8231538617743044,0.20555720104848002,0.035106340302348854
43,0.10260562528918671,0.27233821369774225,0.09883071708030917,0.23903214584040358,0.2755665086210394,0.016245981474529058,0.9352826995905951,0.8184947718320373,0.1748113302706364,0.017622016671609564
44,0.10845782380474409,0.27449205876877664,0.09443824739807129,0.24019347695833582,0.2818080541134843,0.048498136897966,0.9325106050651726,0.8138145875427704,0.011875787715805547,0.022139404620202204
45,0.11233369055327277,0.27474725595819355,0.09157182081778151,0.239407128621674,0.289422935115094,0.04405231313209462,0.92603628288159,0.8091587045735594,0.2254611582876576,0.035367344654477495
46,0.11374387220588526,0.27497267539699566,0.09059382034566725,0.23939654218495607,0.2908408751240572,0.006758131412681875,0.9223012871181113,0.8046653920127808,0.2761557050683673,0.004345497987279286
47,0.1213593841025482,0.274429830513449,0.08497785813298077,0.23812167524980496,0.29983742152903714,0.05763147648379064,0.9172544426471708,0.8001602682046126,0.007829361612005512,0.04484277405620411
48,0.12778780974370707,0.27553518446976066,0.6764577821914249,0.23783760118920738,0.30840839161054995,0.06336186631942636,0.9088825268786702,0.7956162341838564,0.06584627142047265,0.057009524782514344
49,0.13358656496802054,0.2766036901779417,0.6807058499441911,0.2393070373961912,0.3152121677151254,0.05152456128579471,0.901742818919948,0.7911146314020242,0.04839774164736499,0.042015846069999474
50,0.137186704290824,0.276148066569243,0.6837398178755991,0.24019439759048966,0.32060362298692197,0.043486768442886375,0.895758330808395,0.7867520858735393,0.11863666487844982,0.04551094626675233
51,0.14868022110931828,0.2691505902787704,0.6908992392040983,0.24062838900922676,0.3325052617068187,0.07272126572476455,0.8868830162068355,0.7826057561360676,0.23665968035523496,0.05930201765081108
52,0.14447847019261245,0.2722538543354586,0.6897730270494796,0.2408442510381284,0.3338644500308617,0.036272217169016165,0.8817407822911478,0.778556475574432,0.11639529834495645,0.044485843525221454
53,0.14560932388940606,0.27214885932237315,0.6905565369957962,0.24126564305921921,0.33482847953423445,0.007748633834562093,0.8821876801013565,0.7746430961535848,0.3272362897347491,0.007451273634436671
54,0.15174612007473093,0.2698662181515264,0.6949076963145027,0.24303754316481618,0.3401313531074048,0.06865460964654259,0.8763672266120851,0.770813136075538,0.39977772979095016,0.06721185112304673
55,0.152071011838179,0.2699629131045668,0.6951621948396842,0.2432617345645388,0.34045901827767516,0.0,0.8708839574179514,0.7671211018135186,0.11152320225783988,0.0
56,0.14995483361493026,0.26952942319234696,0.6947300248827395,0.24240022178713755,0.3398129281765435,0.027171424248168548,0.8702300914726521,0.7637511672950202,0.00799738701599459,0.03539541950301051
57,0.1542334752828427,0.2690007168618451,0.6977988599548076,0.2436905695984118,0.34534320593906703,0.023903703412730945,0.8661010084104376,0.7604100324209146,0.10073751466296549,0.014558091503717629
58,0.15306172928763626,0.270149951482603,0.6972897224527197,0.24417536454035696,0.34653158812816054,0.008748751447742136,0.8616817032437263,0.7572142544948238,0.013144404356872126,0.011376480330501414
59,0.1516024346922481,0.26984001649792555,0.6968503192319521,0.24519228833613316,0.34606887256667246,0.014939637853398264,0.8607180831183296,0.7541312166085349,0.061385900683964476,0.022886252041194596
60,0.15212934246568185,0.26739451876073894,0.6972111748256735,0.24451063536876388,0.3475142346628479,0.00687257841241982,0.8606903389241194,0.7512524811477138,0.33313396619506846,0.007741351347049861
61,0.16480221198554998,0.2559480117501987,0.7041956635310412,0.2434978441764301,0.35253150769599184,0.071385120780991,0.8551612250225384,0.7486950816702064,0.20449965640429035,0.05804928385198658
62,0.15906304596475018,0.2553015065801457,0.7006586677475704,0.24064965416922762,0.35016439292641444,0.029126836232651478,0.8549928749095965,0.7463126309221332,0.08171624050197226,0.0027824887683756887
63,0.15823563750517144,0.25560173387449675,0.7003042378202547,0.23876313936433124,0.3487186418829567,0.015312709371909544,0.862113347425041,0.7440208489596934,0.1150583057950933,0.014243628000471062
64,0.15374921438555952,0.2540332734015666,0.6977849201211299,0.23758808693918157,0.34646900786220963,0.044440979713106996,0.8645707013067089,0.7418483067465136,0.04643806248079448,0.06035961116969843
65,0.1503293558601025,0.2582693537085286,0.6962254495086999,0.23629663496653414,0.344833766785721,0.03222402312162373,0.8679433104697556,0.739722196177662,0.06904700065825031,0.018168846096041375
66,0.14928728998882992,0.26020225899568034,0.6946447004599758,0.237125348522648,0.34262902712769633,0.02240050466067027,0.8710308542364434,0.7375593377380745,0.09637037400042081,0.0242956119420701
67,0.14857646600245222,0.2665683685863449,0.6941635128511059,0.23683752560608198,0.3360465941678079,0.042005019131779876,0.8731068372307401,0.7353964080293249,0.22496300833976698,0.030926600584425146
68,0.14871197697571514,0.26878156360350614,0.6940514674877153,0.23776784661842917,0.3356728164078842,0.007128650644393121,0.8745591873422189,0.7332122448236824,0.042438096479335434,0.0023881643727839317
69,0.14764313523609388,0.2743559552881595,0.6925478264358591,0.23905377651793264,0.33100651504533096,0.02012869855132251,0.87670617245981,0.7308452751647622,0.02995454774249922,0.019065340804846228
70,0.14888682115896676,0.2766796802944627,0.693315043982109,0.24056484675446888,0.33369045142484677,0.01158323856596085,0.8775805461789813,0.7284051581265688,0.01045180400074287,0.008728983906850543
71,0.15114143308729702,0.27738821802992397,0.6937496718442362,0.24441220570733768,0.32892372975809797,0.020217669214613317,0.8743434198419417,0.7258467957903832,0.3554529165437677,0.015107490660001836
72,0.13732784715850302,0.29479606190636953,0.6852295542067086,0.25132760546112376,0.31398328600739195,0.10667193838426675,0.8747073583746636,0.7228837046052852,0.045052501417743744,0.1021367925553229
73,0.12364429625190688,0.3157013185636293,0.0795322638623722,0.26325661245583776,0.29241514817340925,0.1438018698666248,0.8730369389425482,0.7194910773929132,0.50175528126967,0.1480484429233929
74,0.10208862439349722,0.35810979557252004,0.09114881533587427,0.28979565733882057,0.28689544407261397,0.2784939007247464,0.8542856830372771,0.7153885743347552,0.3559482135410194,0.2856104653958982
75,0.07668715194647814,0.41702087471666327,0.10066226023997568,0.33523682946068545,0.33387782728320126,0.4216581794182294,0.8030805020102472,0.7104504394898785,0.9999999999062532,0.46089498572154924
76,0.044298163947545,0.49748901699019676,0.11416230445482259,0.39846293037658087,0.4132479846512825,0.6015663653738474,0.7173438647798502,0.7045856949007488,0.9275984185097087,0.6375572757653895
77,0.018060122886223606,0.594167752409013,0.13153670949590343,0.4779177054860429,0.4979216101240452,0.8011790792434625,0.6049371370227595,0.6975892456047526,0.6069000321888615,0.8557575315192398
78,0.000493898656116655,0.6893539280299791,0.1519139021855057,0.5626838056867427,0.5949339954009522,0.9217638706054582,0.47258309811381344,0.6895270690161757,0.006206678559375683,0.9999999963267129
79,0.0,0.7668639710158786,0.1701655862556153,0.6346878445036863,0.6792090604206378,0.8851510410798094,0.33963102813446655,0.6805769019401702,0.09801214839165236,0.9768977684656799
80,0.008355846624217062,0.8262677735115369,0.19030908483175918,0.6856163184656927,0.7443591560677739,0.805989931531314,0.22792181240349832,0.6709003286943821,0.26983713202274706,0.9246285786861147
81,0.02473759744671931,0.8719636123669129,0.2081865528378341,0.7204551581816996,0.8079353705816152,0.7033681346353469,0.14611387906911302,0.6607451971635224,0.3788924067898357,0.8314653123442473
82,0.04653566640253947,0.9089112651973666,0.2235155418554403,0.7483828669915397,0.855846137033958,0.6167084383165099,0.08300039998794767,0.6502453229603923,0.8196701197144417,0.7578709642533935
83,0.06494920848206887,0.938214735845839,0.23837645794397186,0.7706884983517776,0.8643941527762544,0.4631828858355537,0.032109901320256776,0.6396444773428993,0.6578755967491371,0.5965605509423563
84,0.07320169826285985,0.9634529604578436,0.25740685904529226,0.7869583250610308,0.857350898385455,0.3338720172551042,0.0064038320603192166,0.6289529857516306,0.6749779108131455,0.43887285015783567
85,0.07867016423067034,0.9805009724138977,0.2699280951906079,0.7983313533993618,0.8505634403295441,0.20355904956795487,0.0,0.6182767219835642,0.5416653368552815,0.27339418978577856
86,0.07991650650157213,0.9910913242151503,0.27766600206027237,0.804102388983599,0.8507246587113163,0.09995853709046042,0.00012326417783130886,0.6077194889989279,0.40200025625919134,0.13196484968853003
87,0.07869683321042145,0.9958138065336268,0.2799432687683185,0.8079499330398323,0.8543686815736056,0.034867488052405346,0.006675829084619588,0.5972821410864442,0.06214322267216835,0.030485745480099226
88,0.07809371394147117,0.9983736903159675,0.2809901783678705,0.8107474892237383,0.8442475551655503,0.03402367251700644,0.016083688905244274,0.5869978872326096,0.006745875905790052,0.02250989414166434
89,0.07677833124224366,0.9989246213359351,0.27953801287312197,0.8135205923072604,0.8470827318401707,0.03211265548709979,0.02438189010773632,0.5768648239738078,0.061195554177223443,0.03759067449880962
90,0.07735919048959114,0.9992590971510336,0.2779514175213567,0.8164803722864916,0.8520255554224072,0.020334211788714248,0.028671373880344745,0.5668049271124027,0.006856253915979454,0.034134188140078375
91,0.07953117863836508,0.9997034591272654,0.276930052579237,0.8205769241814619,0.8467711525440214,0.035156299337118724,0.03165937853970412,0.5567498520781718,0.043606106707440646,0.040052263959837194
92,0.07796111685446372,0.99999999524521,0.2761214193306621,0.8254345693820505,0.850915381166787,0.03535753264763671,0.034123903725166924,0.5467165585546601,0.021152689418634674,0.010744245667724962
93,0.07578786226130481,0.9978456017103382,0.27532727016619846,0.8308427946955018,0.8591198882947721,0.05049989345675917,0.036684544455782724,0.5367841260183314,0.12649338391534032,0.017378976663140283
94,0.07026091793033348,0.996750597559704,0.2777255009221543,0.8347810849781755,0.8595928508452609,0.06680380260829534,0.04402095313846581,0.527053830892605,0.08876646865937737,0.04243646354315461
95,0.06605734341790916,0.992938977969525,0.28039095864084407,0.8372529045102741,0.8549489426044471,0.09742777353790132,0.0592073716807092,0.5173568052228292,0.05895730493192707,0.049951393798225274
96,0.06297939149286706,0.9872672984170898,0.2806437015194669,0.8517538172867097,0.8546024287701895,0.1288834526817883,0.07365494457375257,0.5073447175794927,0.011233242697424132,0.053505422714756105
97,0.06253295659389008,0.9766554951989743,0.27760230720311463,0.869166737218685,0.8693901897176918,0.16411785983910454,0.08115853949785032,0.4969845580700532,0.10080383650073534,0.09896614767720466
98,0.0660288302777044,0.9631577302089268,0.2733897561802353,0.8881864595630258,0.8771916570957903,0.17480577861363367,0.08592830983189334,0.4862767554875449,0.006524963837159174,0.12488021432300048
99,0.07379935353505718,0.945975609464932,0.26692743187442264,0.9029812844086489,0.867858189004071,0.1749834758201322,0.0893035527258138,0.4752926382628767,0.06866380737537227,0.13716520196075027
100,0.08253465104326636,0.9236960041417134,0.2588601130409072,0.9145269768989507,0.856117645944411,0.18578133262909818,0.09096817403482352,0.46412633317969304,0.042947182124370584,0.13007244469977378
101,0.08987681115538554,0.8961778699445857,0.24958966717702666,0.9242767785184896,0.857614666197846,0.19823925509581541,0.09076985767556277,0.4528865017797117,0.058614770858833314,0.1282293070002338
102,0.09645853655372978,0.867853240858329,0.24212072536018928,0.9344095859420205,0.8528528493449458,0.19336945832763758,0.08958110112862448,0.4415960877385403,0.23101519871403425,0.10925635613682963
103,0.10104714043540289,0.8366628333850842,0.2298300056080603,0.9431405289353584,0.8638708210502744,0.1947821628980471,0.08576032139658946,0.43032724211153545,0.08030436979445477,0.12292584097831893
104,0.09855387482166451,0.8096832005025102,0.2231907823549705,0.9497259096982358,0.8767055706285284,0.17028478000262362,0.08579012670451056,0.41925746522526736,0.03306513336562222,0.1313205585814542
105,0.09771252971310465,0.7818503130529212,0.21686072846090726,0.9570220796106534,0.8887299240702561,0.16615208527271175,0.08997494503191783,0.4083921487954748,0.05878283677072234,0.10062116404743766
106,0.09390393410392464,0.761548559781548,0.21348260113455345,0.9637111863326686,0.8944463872962783,0.14070023070234716,0.0950213355638476,0.3978108673347654,0.0444806959304207,0.11251744281187782
107,0.08906790534340986,0.744475714729319,0.21082053181372234,0.9734045418139043,0.9017512847615604,0.12850221015234298,0.10181431172784526,0.3875220015240119,0.11170369795163945,0.12154947043472855
108,0.08232701104134153,0.7327240154046931,0.2121906910577035,0.9861182024303129,0.8983952125710702,0.10865351153871045,0.10791091806979809,0.37755096186185777,0.11409172979127148,0.11048393185444465
109,0.07622274919767845,0.7250621495261258,0.21626336971923327,0.9963591480031496,0.8951938989192961,0.09039859848791679,0.11477427159686637,0.3678516925710385,0.11644694489635922,0.05395709887148522
110,0.07185018747997245,0.7240630339573171,0.2189160463309741,0.9999999547979824,0.8880439398330575,0.0668728881782892,0.11689704933753199,0.3584282062698194,0.09891848246066229,0.06511720981922701
111,0.07120964693036395,0.7270266507860291,0.22126208171473327,0.9996493244342605,0.8789452596615804,0.06686491813005695,0.1116248515595479,0.34916105829776006,0.05140468913848959,0.04124022135657011
112,0.0699906952346792,0.734334680691735,0.22211855633203875,0.9957327965110105,0.886699565620361,0.059396677538062,0.1028075674636846,0.3400603228360379,0.1894363368004746,0.029171838767877805
113,0.0664026724953351,0.7528673758346958,0.22669833594564825,0.9889538077206819,0.8896091846681747,0.10256281685305539,0.09681896380477668,0.3311386942031727,0.006264917715756767,0.046396405193170176
114,0.06561995163116628,0.7725781430400918,0.23049249883707032,0.9799022780440513,0.878494673732187,0.11279007373312913,0.09214918463845136,0.32243879912715795,0.1367720649182451,0.05007631973595959
115,0.067762246936418,0.7922818489138682,0.23500198236246045,0.9713686303069016,0.8629368241013551,0.12118137860148549,0.08593837852187704,0.3139039695494858,0.0173747581080521,0.05508661521696322
116,0.06986000057287658,0.8126960056444537,0.23748738097006702,0.9604185800991702,0.8612803971375116,0.12347635611650944,0.07885067360614334,0.3055853212824873,0.015307220104830254,0.04693751329135941
117,0.06952327861209069,0.8335406242791481,0.2404781424396598,0.9477449715910596,0.8714300958029678,0.1274091927131119,0.07146358550786301,0.29748406846902503,0.03368885177555355,0.04914532664272442
118,0.06918038021326782,0.8512389250966216,0.24163788744355397,0.933583212732183,0.8851292046886455,0.12226625894245478,0.06708334327004004,0.2896127556701742,0.04401644992206213,0.03083636325915181
119,0.06877558205512693,0.8658538938239645,0.23995387126423393,0.9193937612545554,0.8916353802454544,0.13733766947630616,0.06549185742849231,0.2819733470006664,0.1782484923271268,0.04818166854964644
120,0.06801719015099947,0.8769753215847819,0.23590080317476733,0.9010511971828912,0.8932584923944179,0.1911168001008311,0.06999911135957591,0.2745933892967762,0.2943741880860106,0.13073130486754345
121,0.06628377108893206,0.8846349243166558,0.22924688515997935,0.8804192555069246,0.8932066381636137,0.24825147132712883,0.08416476358711729,0.2674882971290023,0.24374894367089472,0.2259399831640039
122,0.06092049394426742,0.8908618138133084,0.2247683185704918,0.8566788639947078,0.8773974136914995,0.3052656339263058,0.11144401961819621,0.26069530526064205,0.0830831825303899,0.29711912449118083
123,0.05495616003986189,0.8936393072315119,0.2197639709495377,0.8307026109588169,0.8614777719482649,0.3119072038355097,0.14827460340078025,0.25413829156090223,0.011737291178971524,0.314840236709677
124,0.049174074921685684,0.8936565222091559,0.2152865630867791,0.8016315801201014,0.8334345308442369,0.31001957731742374,0.18591855636592838,0.24782445480856813,0.14155083968449855,0.3095634365780323
125,0.04555545279199045,0.8911632304232904,0.2110603882466025,0.7709616921426383,0.7984535647659864,0.27896950610096233,0.22181520921917713,0.241744984866695,0.12597623114809933,0.27113265436495565
126,0.04144579851731547,0.8864682346440323,0.20849047281364935,0.7402074923284075,0.7662349666675725,0.24538067989273699,0.25752518935414465,0.23588992101612594,0.19942418866534095,0.24139347819664506
127,0.03033386080951648,0.8807053810749665,0.2113461899499298,0.7033956708242659,0.7333978591081521,0.2693943387214165,0.29709436341815354,0.23034854694155393,0.37622854031817937,0.22925890462456747
128,0.026096265926310865,0.8717754744309298,0.20933176108822024,0.6676256176884587,0.7159658424703086,0.20864484310571102,0.3333000100431051,0.2250562409422927,0.11157045343411477,0.19075349062931002
129,0.023097043206342323,0.8618369697532638,0.20691075959639504,0.6340703133457263,0.7033799658370873,0.18822443979857867,0.3622095060376837,0.22001607665879536,0.01140180884495674,0.17602248838961104
130,0.02204594293761457,0.8496270316283214,0.202901477332108,0.6011324603068476,0.6954832566218428,0.18522372070423604,0.3891149650738541,0.21521787578140267,0.007042134097091483,0.18435488959909582
131,0.02374006834943291,0.8360656803947026,0.19758055152364867,0.5701040377794873,0.6834417352511624,0.1781054993087171,0.4135502600965959,0.2106013200299423,0.04636900678177971,0.17889976956785
132,0.028014934252194538,0.8218999443584519,0.19067996516733182,0.5438860559817159,0.6706520005365942,0.16143831107500906,0.43382274736474413,0.20613550925482024,0.006264677488107597,0.1737819277847699
133,0.030004851052516934,0.8079171369506338,0.18652712368392155,0.5189529088367603,0.6554212416926352,0.15812261420419663,0.45397465234829587,0.20186155870484346,0.003926936653307864,0.14896050829193797
134,0.036150528362263436,0.7919373084001585,0.17758340364465675,0.4979458187230341,0.6552023790137764,0.15870317302657946,0.4719612636926426,0.1977585754411419,0.01930984981375987,0.16917416749121136
135,0.04080749206689691,0.7766888546430702,0.17126620108340476,0.47767881895452985,0.6516747458450288,0.16474478862864392,0.48994828015254144,0.193827274403551,0.05939546620723134,0.16066043788664816
136,0.04767429086184142,0.7614127332151163,0.16395201951073662,0.4590545929707137,0.6489625283261228,0.1462331265635295,0.5100969432540892,0.19005477379735203,0.008925440096781779,0.14550892426042614
137,0.05820603591002971,0.746370715576474,0.15409636397936985,0.44677868483175137,0.6580874605587959,0.15117809187333728,0.5266725016945849,0.1863435728221943,0.04875473603073213,0.15960882694303205
138,0.06878482621579868,0.7328570455357869,0.14482651503531935,0.43690192131875216,0.6709163976481947,0.13778571334735543,0.5412311363872013,0.18272681590523324,0.015022528330268117,0.1498471352845314
139,0.08243590521419487,0.7201810434509206,0.13385346069505968,0.4294582865383643,0.685661679842117,0.13661336521306186,0.5522873489523661,0.17917789659295408,0.03368971962992868,0.1545158323693654
140,0.09514873237034616,0.7091735590420923,0.12354142484070063,0.4259008630556282,0.7010013119978407,0.11877188282291301,0.5592986247414823,0.17571025842194118,0.2211742659929245,0.14690786096555986
141,0.1021966985664911,0.7054468105293086,0.11929405934655785,0.4268185126181123,0.715090556752753,0.07788116614862418,0.5665762496410706,0.17226215607608528,0.048445823448619765,0.11574471721944925
142,0.11085680528622512,0.698061299610105,0.11245853725171479,0.42323960482155226,0.71755614988018,0.08596673629781852,0.5724379822812005,0.16896284271589107,0.3975463911034294,0.1133930214941856
143,0.12459182288818103,0.6832411965481322,0.10019569716694154,0.41937770671437885,0.7292177084563435,0.1683837037898451,0.573084427143718,0.16579736794325278,0.654086562303892,0.19306266945838868
144,0.12309806671942088,0.6794785647364338,0.09984402360472346,0.4165742899877434,0.7220244948308036,0.03879654663117933,0.5759802040792305,0.16277096110071781,0.25368697995388056,0.08919231006405642
145,0.13187263736406968,0.6717855643695676,0.0924999960405535,0.41316258293602803,0.7232534474627408,0.08048729769051717,0.5753628288497165,0.15985707442421998,0.07761596476862678,0.1098159335276479
146,0.14190981525681795,0.6626781375885706,0.08349354674973836,0.4099993106910553,0.7273793441088031,0.10417327891233631,0.5633995635116854,0.1571109463108629,0.07145198522703729,0.13271616292120364
147,0.14877714463934075,0.6546694508116002,0.07690104125158145,0.4079349456790884,0.7338642675252737,0.08593808582412367,0.5489838896579635,0.15450362116515767,0.004289985930608463,0.10265787326567391
148,0.14907070262920885,0.6442516917360154,0.07362184460882307,0.4025472452797517,0.7295966101165746,0.11793435827388864,0.5404922369596774,0.15213107967125636,0.22800056171287303,0.13785889497673162
149,0.16529395032769365,0.6266521691506699,0.06229048036235257,0.39707109647288497,0.7287116311254558,0.1785679531269644,0.5320349582579478,0.15000574032983152,0.0084051597550936,0.16626983931331615
150,0.17491697673177295,0.6036047982782595,0.05337334081198993,0.3864334798836509,0.7284210479443108,0.20098379074612197,0.5231530923460549,0.1481765531861661,0.08736521978178269,0.19802804529747994
151,0.17031413385358457,0.5767590002979219,0.05221022496670264,0.3666138194953364,0.7014189015250706,0.23953617563770704,0.5292783240390487,0.14676804935365512,0.06854315591883657,0.23527286772450368
152,0.17101620940494364,0.5489020309592465,0.04996619264801699,0.3478787637299476,0.6789895676168544,0.22417347540590013,0.5451696269077041,0.14573393203899557,0.007524650998437382,0.17687107059131543
153,0.1776361736172043,0.5176523434378311,0.0451804054671834,0.3280801632914626,0.6517949946123518,0.23257013360306544,0.5601621135188805,0.14504699643182223,0.020374538111894793,0.1998145070805671
154,0.18273498806253521,0.48296440152991355,0.041877296918292416,0.307084458352789,0.6221761743136613,0.24537388675540817,0.5787179206001709,0.1447139327942316,0.008666694256859626,0.2055818767812657
155,0.19071231542549508,0.4440764166556867,0.037067000911496194,0.28582044733946244,0.5966012747416009,0.2584003751927988,0.6014887985407225,0.1447284130759499,0.01798795793147287,0.22881782451272933
156,0.2027224442291056,0.4016179477067209,0.030817355629831615,0.2652396643716724,0.5691285276860605,0.26397359517794294,0.6239131095924785,0.14507929781855053,0.015220602897485115,0.24363731517680712
157,0.21479211763634698,0.3571112889501413,0.7316632104135146,0.24407361735248528,0.5427635552104051,0.26268459517274484,0.6454246349670539,0.1457796759305419,0.050106228050168934,0.2418001990237547
158,0.23311019380473846,0.310871107341787,0.7403684083112839,0.22269470768456298,0.5170770114251643,0.2607889991821902,0.6636453263434116,0.1468003095425265,0.05093339095770269,0.2489169279957912
159,0.25112697226067326,0.26584743746456996,0.748337007138791,0.19886277995217833,0.4880203285846549,0.24971783147480722,0.6780640311633753,0.14813076228141311,0.13292776383643526,0.23244182788301743
160,0.26481807763782833,0.22755661532468827,0.7542805729993727,0.1748000615994746,0.4696461446027303,0.22673204135616656,0.6924124936053981,0.14973037745198298,0.021797623613453946,0.1992587842002274
161,0.2800107160813932,0.20711904748277327,0.7612352859391012,0.1541744118253947,0.4732432271081985,0.19509320825007292,0.7038338367721522,0.1515477595523737,0.16533353974992274,0.1725645051620255
162,0.29260041698113165,0.20627683639173808,0.7666954520761488,0.13914251176690953,0.48107642041585724,0.1464676044568465,0.7108204640008434,0.1535140130578335,0.2297243621797001,0.13006533505812862
163,0.3050125081475457,0.20777398715523843,0.7712471062318842,0.1277219424523633,0.46705344143261585,0.09575896853882376,0.7165425094086969,0.15555177384992652,0.00868554021036902,0.0966009773130437
164,0.31675461633249863,0.2072322514482531,0.7746326950561137,0.11601545891028227,0.4297777091110126,0.09008333399119581,0.723973506154974,0.15765133871016662,0.201256782322401,0.0962232043519901
165,0.3344795391707049,0.2019815155674865,0.7807270358431757,0.10640140643202071,0.3902188842632856,0.11553148094167175,0.7321931791585873,0.15979458501841037,0.171948057166385,0.1315263957298247
166,0.3546038314171097,0.1919124977198337,0.7893778438105495,0.09845594825410513,0.3738148764327528,0.14143555021103352,0.7370338171614158,0.16199162911609527,0.28821664387483775,0.16226178229153104
167,0.3779963251901543,0.17764439994379505,0.8001909763057568,0.09117633251946036,0.37176150238970507,0.1927912381820501,0.7391599064040388,0.16424647092788516,0.2812213083653096,0.20724515783511677
168,0.4151170535233993,0.15897274208486029,0.8164188388050666,0.08287023352705282,0.3748511607167898,0.24742305285394475,0.7370312899388745,0.16658578797469595,0.1488664567083806,0.2712019798715149
169,0.45700424988079014,0.1397479271653453,0.8333628997616239,0.07292624320420839,0.3750096392369282,0.2793999374149153,0.7315701235874337,0.16903248125131695,0.09433421523537955,0.30602367964682964
170,0.49997113751217626,0.1206138315975325,0.84953493270036,0.0635400183212022,0.3706347203020919,0.3023076728588518,0.7263578670109437,0.17161920013775595,0.05859543449841666,0.32740937283292837
171,0.5398796006813062,0.10360841559913736,0.8637705928233962,0.05420280412753132,0.3713277142620932,0.2897472436605138,0.721493411999967,0.17433091926835778,0.17373833693052473,0.31095906780006916
172,0.5750073639044981,0.08937006421984851,0.8758937887808725,0.04726522307041091,0.3743504173032548,0.2549654141456833,0.7167455625983892,0.1771714514183039,0.1863824831147954,0.2824066359402264
173,0.6005938315276892,0.07850781197697587,0.883625586000512,0.044808818214548525,0.3636428632914347,0.21515195717802313,0.7129815862236889,0.18012916181620703,0.208992360761873,0.23110103335922197
174,0.6204231779636938,0.07030141152998841,0.8892800670987013,0.044744770752285605,0.3474946593690263,0.17160366213932327,0.710500935812039,0.18319034796554415,0.14428847496189895,0.19018727243431607
175,0.6345566342490039,0.06460328445362791,0.8929115868929047,0.04632315447471735,0.330013535455207,0.141064156707127,0.7088241168632866,0.18635213813756737,0.1420543192020344,0.1598972376297878
176,0.6470222338049312,0.06066949746479297,0.8955942148349407,0.04695159782493923,0.30531554575032854,0.11038727276650702,0.7084471351100566,0.1896038933777004,0.10874893104700208,0.12161266379980518
177,0.6569496376411442,0.05836508431417845,0.8970764721117093,0.04519619475310239,0.27389037775445696,0.08683257877930804,0.7095718504086621,0.19293556802756262,0.1356364075898773,0.09137414498861247
178,0.663872288312693,0.057126054712893046,0.8979470270144173,0.042259125022631454,0.2450336266605001,0.056687355683632694,0.7111053817581177,0.1963628650269084,0.10546117195822569,0.059673399397256195
179,0.667537511614512,0.056775493420041,0.8981727680489637,0.03937889705257315,0.2198388937614181,0.032034726149624486,0.7116829445377543,0.19985679520109068,0.06100259469526777,0.035769410817287565
180,0.6663941914629373,0.05790731048999624,0.8976679845503419,0.03671619502308408,0.20401268490883184,0.018836609957607945,0.712330553876073,0.20340977565327767,0.10584909371460562,0.023908573743018698
181,0.6544749705778088,0.06219230580191535,0.8933000763634634,0.0344901701448525,0.18806956507264508,0.042287261146289196,0.7171700758625152,0.20700859831160592,0.005686787963599318,0.032022495428130494
182,0.6415736378520468,0.06641295935607885,0.8889403494895495,0.032674070567086023,0.1790079935275065,0.048868889326160445,0.7243705717382599,0.2106186670791713,0.09275541204386954,0.04622328645471493
183,0.6200736792365099,0.07290883338063889,0.8812850633469479,0.03177582583470659,0.1677786194876351,0.07789815844376015,0.7335695880262331,0.21420573351959005,0.026376059197213236,0.08050376661113234
184,0.5947562569065143,0.08005525190642972,0.8718847698635693,0.03100659534025472,0.1528463622370402,0.0909857757601866,0.7474963376892204,0.21773929261022557,0.0051900952653831,0.09657350485608472
185,0.5703183284163111,0.08676089528753592,0.8626267188643948,0.03064378749758914,0.13675324124781807,0.09000847191567472,0.7617714153587434,0.2212189429615829,0.011206389366068874,0.09940450885640839
186,0.5483710688052437,0.09287181480289662,0.8536106661869023,0.031368652847595935,0.11507045047293318,0.0886554345898969,0.7746364114642837,0.2246043334880119,0.07219875587796316,0.10810191392123712
187,0.530682228893339,0.09823916039472769,0.8467053922542731,0.030975719505302455,0.10289249778102769,0.07115915332277344,0.7854834438359539,0.22791529014618422,0.041432986446544647,0.08057720578403464
188,0.5170875337398705,0.10215464920509189,0.8414409455956144,0.03202627857461043,0.0976884160498258,0.06152912231429312,0.7929436684640478,0.23114033324592168,0.031181831322941497,0.07543674469742734
189,0.5046712867981175,0.10494941547293105,0.8373259207390833,0.031731033616074406,0.10592407229042568,0.055287193943035856,0.7969288253385128,0.23429174474184492,0.04735187925838875,0.07020503599063556
190,0.5003445794974912,0.10550904780221938,0.8367547035746717,0.033005775126695384,0.12420504020857323,0.046967127597910975,0.7963033227563151,0.2373215820509065,0.013874121771712067,0.046648853921404346
191,0.49842588120769055,0.1061674686070245,0.8374901088052739,0.032643692939553846,0.1502940838788518,0.057100892067454355,0.7922896090370696,0.24021947368340138,0.039565080157859464,0.04327265519743246
192,0.5004926060102285,0.10656308866227941,0.8401370620092325,0.03256745284746547,0.1823858638352866,0.07125433473608411,0.7872018304993991,0.24298440333580845,0.03935570407839548,0.047273582952973375
193,0.5072173491745003,0.10644280548954617,0.8444669077787136,0.03310804648489466,0.2173994790976405,0.08640954062591368,0.7810189903942095,0.2456095931774921,0.03364065047862052,0.06497490477428179
194,0.5124516125382008,0.10783226251600306,0.8480794665900807,0.03273341354284099,0.2519709524933196,0.09837648992144468,0.7763531547594315,0.24812175939421036,0.009878510789309142,0.0898015981659624
195,0.5192734512458527,0.10861439491269075,0.8519632025689391,0.033363004988430166,0.28356161713689526,0.09646759755861473,0.7727808781211805,0.25049484570486796,0.07803786385241614,0.08360495935526116
196,0.5209347917183206,0.11078130751559066,0.8534739013199621,0.03323355196288904,0.3098123715488509,0.08033814916580408,0.7710760961676303,0.252730859630737,0.030666984660811143,0.07545815309297228
197,0.5228466190232715,0.11204066772958418,0.8548165144694336,0.03466622736499006,0.33389735234342677,0.07670134186657185,0.7711535892861265,0.25479924649311037,0.06309037171167661,0.06895845807823972
198,0.5206750506539968,0.11318512824060367,0.8547354387113426,0.03779029186941167,0.35936115686875464,0.0663505266334249,0.7712312911526874,0.2567112081518308,0.01555455798171113,0.04975740663735696
199,0.5161974541234072,0.11389125819772125,0.8534727777061644,0.042800947432879634,0.3791499703310896,0.07384166824637904,0.7721600518847671,0.2584461019495782,0.018288831831552405,0.06680857180760139
200,0.5084363888383251,0.11480170032917399,0.8509692608260697,0.048002314626009755,0.3985681333052338,0.0916296770107358,0.7737925533112188,0.25998895239582986,0.18803567358903964,0.09200872447688482
201,0.4958026244221128,0.11826641747342238,0.846379579365868,0.05552305108296459,0.4148543650120195,0.14483351955935114,0.7777935377912437,0.2612912363561156,0.5722200220245435,0.14081809783212346
202,0.4582700259713426,0.1387213573610964,0.8322006968525473,0.07486450986701015,0.42793811477975974,0.28292388841780414,0.7891943976283085,0.262269385160586,0.5909423492984153,0.2653093059900038
203,0.4019943663216408,0.19710418604408536,0.8109155891014631,0.11364618787051549,0.4517316740100071,0.45792043443892233,0.8042082575473628,0.2627833743686757,0.8552891790960502,0.43704159179672253
204,0.3210043079473257,0.30014826481894796,0.777859748996072,0.1718904990376165,0.4830504679174558,0.6622392139719588,0.817524499643404,0.26269964427146847,0.2395173069676283,0.6597578271577671
205,0.2517202181500133,0.4115047918947787,0.7469126159726046,0.24921710169608155,0.5200563679181853,0.779264953857671,0.8179610394633692,0.26191697629061295,0.38981276341640597,0.7735188904612252
206,0.18360786886189057,0.5108482632635387,0.7136203956145201,0.341452303985456,0.5756357913474343,0.8954836342971917,0.7992108106625657,0.26037711293900934,0.4688891588937981,0.864796340281358
207,0.11763037288287549,0.5810636317783314,0.6732816420016752,0.4407341930396426,0.6286302043388154,0.999999999130004,0.7716814973924099,0.2581268811096234,0.15155387463228667,0.9895465906124856
208,0.07368771688883778,0.6099438805560513,0.6399679851991061,0.5350715884696009,0.6882339244422044,0.9318905274820978,0.7304287964057332,0.25530163557546665,0.5798214479995789,0.9289134594802142
209,0.059902506738951755,0.6106203452578833,0.131897336855572,0.614665968217128,0.7506456563673561,0.7610723365012594,0.6658931009164417,0.25207577856236385,0.47970824227011355,0.713325979047807
210,0.057764565073022196,0.5990912505688607,0.1399324571311969,0.6856397200140264,0.8101338235823264,0.6077746355499782,0.5906649142904667,0.2485985322986903,0.4604007645468294,0.5545095942869247
211,0.06287845525850544,0.5809381930875209,0.14428122877058316,0.7391141215675047,0.8491125518552416,0.4843662976863207,0.5234173544284064,0.24493090700298428,0.4327587854991369,0.4434208372771664
212,0.07306822544147647,0.5603595050007408,0.14458470983475868,0.7772491840139972,0.8797750164637684,0.3792657995585804,0.4655752628016476,0.24110089065738244,0.5383616280724488,0.36261781293287637
213,0.07851569385862724,0.5458973909470434,0.14531695490155483,0.8011412500028305,0.9032960076835681,0.24404982838362677,0.4187430224155134,0.2371770880368954,0.1633509904906069,0.25327994229201223
214,0.08478508083809272,0.5357093412345808,0.1451277313154339,0.8149621564296917,0.9256877616432472,0.18349670754926245,0.38536029346469824,0.23319815514010092,0.3170948578386702,0.19734569811206396
215,0.08864350464204662,0.5321594140414377,0.14484647673669437,0.8195604151118541,0.9400814291881636,0.09896600992910823,0.3621871030181617,0.2292150677964739,0.06729858605140268,0.11073817923558943
216,0.09334541054118169,0.5349747413122398,0.1445779330390412,0.8163776342553585,0.9462035903625289,0.0746974826095554,0.3457426614039955,0.2252784736811163,0.06256751849994956,0.08453354873777057
217,0.09523096797177212,0.541484520991994,0.14576241510295054,0.8123348706440212,0.9489751717249701,0.06633780997801936,0.3340935503210137,0.22141246599778727,0.004310773305739703,0.048824830356524726
218,0.09276144083368787,0.5518278843631658,0.14912913072667136,0.8142247763753345,0.9476999114586577,0.07877433979286175,0.3258115905559941,0.217635071367801,0.08546406567526332,0.05203601584723818
219,0.08968195651597836,0.5607740885796927,0.15445265489203794,0.8264118568119593,0.9375233206419255,0.11336932334425502,0.3154058547351637,0.21393595014605232,0.021020202933095655,0.08202481471798223
220,0.08469158529823825,0.5667222515639887,0.16010632839281,0.8380195346192331,0.9223948571508345,0.1401110872097861,0.29821375018666424,0.21032180289315586,0.058038077246673175,0.11485739500743739
221,0.0763837992357753,0.5729219515419136,0.16700939021077504,0.8493020386859165,0.9030881326325728,0.15624255327434633,0.27643617573103607,0.20682895081516145,0.026456425632501824,0.14502472490400176
222,0.06866828993530753,0.5755919076060588,0.1729588726002604,0.8546400363136732,0.8850996800086504,0.16590878225318376,0.2516426735582859,0.20343091607315272,0.06786124219399405,0.15476540454027995
223,0.06602230792000893,0.5695104448272942,0.17345159480702238,0.857848045901253,0.8872503467268109,0.1379874694052105,0.22428571876843895,0.20003039538093065,0.13832830686086786,0.08272989624500615
224,0.062008953150389,0.5659593490301233,0.1766580023434478,0.8590290410621694,0.8804591192715713,0.11307555469491944,0.2016593983467325,0.19666774746059035,0.04845415628076159,0.07472889811734008
225,0.05535514898350871,0.5628103847901434,0.17950113149390073,0.862616616135016,0.8761140608987791,0.07739479597911257,0.18762649760043792,0.1933433419133826,0.17219778723582208,0.0960029591131744
226,0.053728781731649675,0.5624671174089753,0.18163022163237366,0.8705954815151911,0.8648846179789208,0.05085736056827555,0.17691759120348705,0.19004837843073083,0.018362166974392056,0.07017989361245032
227,0.050814671159666445,0.5651423809601775,0.1856506522523098,0.8795438979051994,0.8584143198037966,0.037681498043255594,0.17344507011344912,0.18676936215071444,0.016226956227872923,0.04533233100811665
228,0.05432470014953018,0.5651491126197945,0.18462646071923033,0.8840580808075136,0.8529366728114687,0.047614194460551,0.17348600834743425,0.18347535003257331,0.22871417349092166,0.04542570280070181
229,0.054309580328300126,0.5661555059692072,0.18871193804417472,0.8838375627254706,0.857610766311482,0.09629145927800335,0.17615707712289463,0.18015774122573902,0.025919539922989083,0.10188646105435369
230,0.05455560623476191,0.564895018235434,0.19279657265877073,0.8812233391739511,0.8534848682534582,0.09465853048549813,0.1887475012521588,0.17677788124553998,0.041871140345789745,0.09490085952086369
231,0.05138935937631284,0.5638158010531075,0.19779688229263942,0.8812081256010995,0.8525195636268028,0.10303351633026316,0.20657890047744815,0.17338238864109143,0.0551740762331817,0.058199931224266914
232,0.05963416455581743,0.5563562008099453,0.1957334006660735,0.8822050303080521,0.8386371133483467,0.12439139976322493,0.2200404687933383,0.16992263286542103,0.08363693513829733,0.12643449738889526
233,0.06443739108669705,0.5515582650075032,0.19283693497316048,0.8768458474924672,0.8466200119113483,0.10993560891882392,0.22844144898232857,0.16643500450391818,0.012267487233778483,0.09572091064102056
234,0.0700650859523524,0.5452957351253517,0.18896936849910975,0.8659750648626098,0.8607452683795176,0.11538831265719411,0.23854211801697714,0.16292002491367763,0.011951767083856663,0.10721486431073927
235,0.07949401452530654,0.536796260117831,0.18112347180960575,0.8538935273796565,0.8819169884318158,0.11496652894481123,0.2445490263672893,0.15939429270253508,0.06025868616885135,0.1172957748969723
236,0.08928374916543447,0.5309673103285961,0.1736036513554908,0.8421987185142884,0.9007068467082868,0.09707951863363304,0.2459273421361125,0.15587447590988693,0.0083423611565867,0.11308090051810374
237,0.10100199669347901,0.523226131701595,0.16444344253904505,0.8332788150709615,0.9246886569654065,0.09933958370917216,0.24548999553736608,0.15235460716976415,0.14276811168524425,0.1222913461805666
238,0.1074169441009313,0.5170076127984433,0.15956890742465787,0.8257730876081151,0.9474797408019684,0.070906986240978,0.2457025727244486,0.14883789703113526,0.010186139234254403,0.08720661829063098
239,0.11764342941684837,0.5112103358305279,0.15194680300201993,0.8227629725555888,0.959183017221202,0.0627042196193368,0.2438108039033058,0.145324492152075,0.029328045435958325,0.07431212478188594
240,0.12581277577475508,0.5046459274755806,0.14634534242991024,0.8208240127729315,0.9698097445440511,0.05667762721021964,0.23881045241266524,0.1418057522465443,0.03923055334055258,0.07106287993335847
241,0.1324441409159431,0.49827283959270263,0.14152881387782978,0.8201151146458674,0.977179763568571,0.04468114372318774,0.23453676650385435,0.1382770027386093,0.01583920614241448,0.05038548847031214
242,0.1384399727163218,0.4930586188033342,0.13801874971257272,0.8227066865475738,0.9839286323597978,0.04515626732387058,0.23022803453497745,0.13474116438608397,0.007388197702527221,0.0536603462871302
243,0.14453622814726988,0.4872729608309073,0.13432504491725228,0.8292140006802481,0.9911132956717628,0.051930466013572756,0.22476657624055948,0.13119041888698346,0.027513848382017845,0.04097830198031558
244,0.14883088789281684,0.48230318661488325,0.13187237156150408,0.8406136066855968,0.9962986718620401,0.053760367164204154,0.21867304380233465,0.1276330841609726,0.07388979176060449,0.03561830037757721
245,0.15455369401835678,0.47511135021708906,0.1298411236057601,0.8539250406792914,0.9964100640435913,0.0906977480955221,0.21224689269003652,0.12404864229100605,0.005955279025582703,0.04862634267486692
246,0.15910473189033753,0.46863389188004695,0.12778322493525157,0.8606314865793594,0.9925726427296658,0.0838673470863442,0.2012672913820847,0.120455874129571,0.011617056483467654,0.016995698537806463
247,0.15919925032733526,0.466137983274485,0.1263002829563252,0.8713755512539565,0.988935110497864,0.06965080288474435,0.18713134267453058,0.1168828212103158,0.01632235454050549,0.05632364739171867
248,0.16093417585845352,0.46039860530661036,0.1256657747334644,0.8794598060232262,0.9935508955002579,0.08754303892451847,0.17443752204533985,0.11331107127603009,0.016396258150536296,0.023395256071646796
249,0.1648793966127717,0.45800277946394946,0.12436045151690428,0.8943077897802604,0.9890222892822939,0.08323595894108003,0.15961837598675596,0.1097457933059989,0.0056115581223624145,0.04768533036680433
250,0.1701963800648068,0.45581663578247916,0.12076815286682732,0.905035810283394,0.9800548093326925,0.06614806800018416,0.14172334182240395,0.10620632857368385,0.027001388054440228,0.016894060264540448
251,0.16805420587126668,0.4549259513721598,0.12369007543484467,0.9091763770822014,0.9802550264907424,0.07115097061269277,0.1326019285050318,0.1026814845238719,0.14874688058865354,0.035389992657268346
252,0.1687387931346889,0.45618413131511293,0.12323395845883627,0.924963149135272,0.9749162191673268,0.034186709823060525,0.12795207953677612,0.09917460921223739,0.0079721840466512,0.012835796486553799
253,0.17066049981862108,0.45485355139648276,0.12224854915824326,0.9362548132691534,0.9732044757279582,0.03665455713199576,0.12127542237143726,0.09567371628637045,0.028502016405043882,0.013449722985485302
254,0.17015609877283036,0.4536026942214443,0.12382276720176824,0.9483897806211598,0.9672507063824621,0.04626276917905467,0.1164476359088265,0.09217996602903347,0.03397923216208747,0.03615698884584457
255,0.17222954194773166,0.4508682710940768,0.12319515866988409,0.9595470437603768,0.9625593464463144,0.04289523512422763,0.10967180114072547,0.08869573675947995,0.1769706434118996,0.027263220046975813
256,0.16910953944626755,0.4499246492239581,0.12703563551753055,0.9708377547011937,0.9614449076861484,0.07220585290678808,0.10307343598720324,0.08522802217033222,0.19991935883567696,0.07594095237895279
257,0.16481169463743,0.4516353301669809,0.1291555085115691,0.9780580868398183,0.9618991353231038,0.03748638006045272,0.09693071941290335,0.08181413868594266,0.09509128611953478,0.06439612505356813
258,0.16600345888811932,0.45194226930793935,0.12813238792289036,0.9813234362428671,0.9610722386544764,0.013574031689263289,0.0900098300679104,0.07842993952543864,0.007085617753419417,0.002494570280742759
259,0.16454235012718804,0.45520464537188815,0.128824604248143,0.9799291948908564,0.9600225719752326,0.02158421641762317,0.08414635579319658,0.07509627745730627,0.052594959367269045,0.03203817562068976
260,0.16148875650692818,0.46166164540937255,0.1317220004337323,0.9732158543560799,0.9574962989835828,0.03259673452442922,0.08228083095173874,0.07181920009595719,0.025330255051109894,0.023072593388994436
261,0.16086549349260723,0.46797709017269495,0.13108201459360774,0.9638475768947865,0.9591579622824051,0.0484657247590921,0.08480082485494843,0.06860717238308932,0.45388832664721684,0.034996588041834586
262,0.15644299109497944,0.48049877917630984,0.13043579620819892,0.9477339259146076,0.957589615987281,0.13644189849385058,0.09055611720085191,0.06549088107667202,0.09443614163259802,0.10943050140466462
263,0.1480680064151079,0.4939662109487142,0.131636570672175,0.9323418472714338,0.9523830772015396,0.16313227034587963,0.10390080624858869,0.06249057516089738,0.059422100974937095,0.1529376878654529
264,0.14204288831552125,0.505913570489721,0.1315661516886966,0.9185048697908302,0.949378578655097,0.14886536840036316,0.12125684149530228,0.059581175642716394,0.03177105993133362,0.140777838368509
265,0.1369112591609506,0.5170873713687525,0.13029067446363826,0.9044410719355397,0.9484081538624286,0.15667186405948505,0.13625388681719697,0.056764178547368434,0.1898803034428833,0.15274919077932694
266,0.13385896832893665,0.5259143303789884,0.12880399295754127,0.8921463626263991,0.949745606943756,0.11732413131995018,0.1477030510609492,0.054003476936516956,0.0660921917755625,0.11174163753307217
267,0.1289544086292516,0.5351135155811078,0.12927880756940227,0.8814623858113781,0.9474484518690689,0.10300228773615099,0.15681760500965866,0.05131079013299388,0.06207927365480441,0.09172323018822072
268,0.1265048245734003,0.5435271819014329,0.12845158202376844,0.8722741651525007,0.9492381761404625,0.0902501408191529,0.16331972302044015,0.04867682364053048,0.14145634318390765,0.07929751640071553
269,0.12499333609129103,0.548284410958789,0.12750348021255267,0.8662393015011997,0.9580804416354866,0.054862345155795994,0.16642631426763185,0.04605905104880277,0.015062166100796835,0.05254599976926994
270,0.12919167949848612,0.5521404190768288,0.12360209998577695,0.8592776961065873,0.963113782134662,0.060304400958110606,0.16634540223522376,0.04344617688255036,0.12859506986681768,0.0660308811823102
271,0.13163434978285496,0.5542497788884495,0.12199182096193176,0.8539368226802222,0.9712105690292697,0.03349417020503118,0.16359297102035317,0.04082035104855521,0.017427795647562624,0.03948510486577538
272,0.13646256286919473,0.5538086292928514,0.11923724662391104,0.8485205305000526,0.9798778547482326,0.04161369625770887,0.15929079341011293,0.03815308191932082,0.03984490346355948,0.06115588113518576
273,0.14487004338911053,0.5529279620811983,0.1143107794843108,0.8414863891372967,0.9879851275741989,0.05074615965669872,0.15262175802352967,0.0354438505343623,0.02667022577960375,0.07091977946870034
274,0.1523495103047231,0.5556578863643741,0.10975763302900027,0.8317818299058306,0.9957552685433744,0.049306672895450515,0.14596475004412227,0.0327228322848336,0.03005861142225216,0.06416781350178298
275,0.15696706237892954,0.560976760500225,0.10790653196666739,0.8191239154548307,0.9999997858112809,0.05182702743087613,0.14596074463030384,0.029986934122120758,0.00927943909702418,0.08897892105227921
276,0.16032850287885286,0.5693984582901538,0.10671393881565594,0.8059957972962769,0.9953144055534048,0.06154072484869399,0.15095879133815068,0.02726724705201998,0.007764727048367802,0.052511973966087755
277,0.1623626849573677,0.578921917768152,0.10566114780013137,0.7935492418143703,0.9938174473824176,0.07362011735475321,0.1562045280894613,0.024570913739244842,0.04431253710645275,0.04190689117123908
278,0.16380224475837965,0.5897884417961118,0.1043838622591174,0.7822767952562191,0.9903844744693125,0.09540797909347219,0.16219608079902167,0.021915683424601408,0.011604903648571783,0.050999935380432994
279,0.16403156612675004,0.603923685689064,0.10427492439013614,0.7695829621244942,0.9859434213967534,0.11288037683065888,0.17021680947477275,0.01931251251359992,0.14629941504604133,0.043464557864140906
280,0.1629546440218159,0.6187396222538456,0.10347145274244447,0.7534920289936701,0.980884508607453,0.1586373609972838,0.1819470328886767,0.01677798634251116,0.14365020964147537,0.09123764609290246
281,0.1610394676165283,0.634522082719205,0.10235008617232856,0.7333248344092713,0.9738926524711002,0.20476899391470324,0.1994291319383226,0.014329382043683263,0.16479869626863555,0.14365301906660186
282,0.15944287393813958,0.6509182293755504,0.09999450007128872,0.7081795396376502,0.965083527983426,0.2643585621882733,0.22437973561190772,0.01199558847873718,0.3019168127135768,0.2070595954370031
283,0.16046689558687827,0.6646602265106036,0.09442832799501337,0.67862967536068,0.951199322501611,0.3335997220863149,0.25324403868520123,0.009803173617879406,0.05877293139354782,0.2825566999230064
284,0.16003029671217078,0.6776078916303243,0.08988369642551361,0.646377634915431,0.9290152804337533,0.3771677075654424,0.2864082444057863,0.007788156222380784,0.16954596746349548,0.30972041256819244
285,0.1663983458790905,0.6824780729683082,0.0803958664047071,0.6110897009632767,0.908532908852576,0.41555710499992643,0.3203158109768396,0.005974225433842041,0.12284027527862591,0.35805852671878524
286,0.17775449474972763,0.6793685389337173,0.06781711527812098,0.5764540885146526,0.8842474763647269,0.44791471584949943,0.3498847478054341,0.004369979550639391,0.05227212421418519,0.40849058171515357
287,0.1885681136882791,0.6691865291318956,0.057006826930339205,0.5383689142682275,0.8517412927364988,0.44746660335512334,0.3805516667199157,0.002993455987815998,0.0700029953407684,0.397849111151251
288,0.2030526271426519,0.648305835391857,0.04438112981476766,0.4979047043745112,0.815195400893823,0.47112175235481896,0.4119929809742546,0.0018597383967630422,0.06208820613273672,0.4304022916993059
289,0.2228802796542349,0.6153313344604686,0.02949577512613584,0.4563586355606979,0.7784371484941995,0.4864816298989974,0.44045448614819155,0.0009814708687406846,0.13844037477725057,0.455940412166469
290,0.23579505008045518,0.5756544354022801,0.019253157536716792,0.4139408688212133,0.736287262553493,0.465872965695369,0.47007398895861713,0.00038189500979992795,0.1783256608791782,0.42723232532425276
291,0.25004036682884084,0.5305684683001995,0.009543203113275032,0.3740762609573975,0.6955208686517089,0.42310881676885276,0.5009849123551896,5.952107689346799e-05,0.10964232904283742,0.38633007397629243
292,0.2661148544133548,0.48246891474123726,0.0,0.34055494200680314,0.6588343887693878,0.3855586276686862,0.5288333880223527,0.0,0.049765872654688306,0.3564668929765171
293,0.2842755747742706,0.43016580778951374,0.766460967921739,0.30925710612955276,0.6301476754966622,0.36616969909156327,0.55332689548223,0.00019049613656174101,0.13484128926885253,0.3426522680750627
294,0.3027935646196399,0.3763420448061846,0.7756556751930674,0.27938944580334085,0.6018826711138674,0.3400962583984934,0.5759618806463862,0.0006251956702299651,0.11402739897964356,0.3226337463735518
295,0.3192976863189079,0.32063890121096283,0.7835225518589506,0.2518865720102839,0.574815549343027,0.3245006238076129,0.5989555688936753,0.0013153091415574782,0.07660820551725234,0.3060247892333717
296,0.33729742140789126,0.2664963620471982,0.790879378086535,0.2259899369327685,0.5387160930733067,0.3016989750839488,0.6218468456678218,0.0022386562490189607,0.022079641192542476,0.3012265960202205
297,0.35823916608730544,0.21172877313220828,0.7993244945030654,0.20070534577397575,0.5079875142090567,0.2907028084396443,0.6421594135379324,0.003390953714793095,0.052214054441326124,0.2983076394746013
298,0.3780909850624859,0.1574142891007787,0.8066286864468134,0.17375539568537715,0.46801019794192017,0.28126749754031843,0.6611580810827207,0.004772458996806801,0.02445006191064109,0.2937945740100567
299,0.40604496187788225,0.1341111088969783,0.8165343954615749,0.1462055634398188,0.42317243032118884,0.2759592163217351,0.6784837924453991,0.0063641419003048275,0.07906295490028871,0.31438966777947275
300,0.434062561551468,0.14494183491916074,0.8258779464481693,0.11758058939956811,0.37588970759680745,0.2475048017012183,0.6927860976012574,0.008140350345299517,0.15526970947079757,0.29673936233198644
301,0.4571436296488292,0.15159367882589406,0.8339329933122378,0.0926288021991294,0.34624549954252054,0.202187223538569,0.7059216754440932,0.01007179925315048,0.0015508032174257219,0.25964874561121776
302,0.4856962275124086,0.15110140053516927,0.8448749200390077,0.07173030130917771,0.33979092101523173,0.1729371837035015,0.7131039176072788,0.012114752003894846,0.014623781202433362,0.23712765949908723
303,0.5143446017216972,0.14619168582736075,0.8564554807580517,0.05495950535330781,0.34856929668425224,0.1569105212071787,0.7133295183587507,0.014258444626755247,0.13052592973812008,0.22109010822435657
304,0.5504435835956898,0.13577394430224243,0.8709797340624439,0.04223274626939777,0.3697699475629943,0.17672819810839793,0.7079388429911674,0.016493321353702354,0.16626572267522843,0.23482770932502803
305,0.594681058049034,0.12108681532918777,0.8878348539643262,0.032081982569408654,0.3925507375444205,0.21055347742028513,0.6952587036184543,0.018827033587967376,0.23371156163150342,0.2642428326890585
306,0.6484955959072717,0.10257507789836463,0.9069683466315867,0.025489223263604293,0.41618969148041196,0.25921941553473016,0.6762722118901127,0.021270574824838597,0.259754942095895,0.3085363366647293
307,0.7144925951328835,0.08134693356069278,0.928158825033145,0.018048297791417332,0.42969647556239143,0.31707967528949327,0.6512200474988289,0.023842921250989833,0.2108498367361436,0.35338120846232457
308,0.7808750266557161,0.059984787843901266,0.9479048276718827,0.013578537024417579,0.4460653216411512,0.36644059148358027,0.6237536008504201,0.026541831865915314,0.13443634623073783,0.41011277860558404
309,0.8389404071416242,0.041794705396876616,0.9628121630554322,0.010402852385744597,0.44657167456843827,0.40431078737739806,0.601705124615759,0.029384147214707085,0.07798122591917937,0.43891178351706617
310,0.8842808817847008,0.026838494153615444,0.9722920224408611,0.009946725771229958,0.43764982064914754,0.43176636748882175,0.5886603862759301,0.03238522179506205,0.011476310896358394,0.4657374555999282
311,0.9100046871827792,0.016378540301420566,0.9749606754362882,0.01145934652146119,0.4196928953430214,0.43104331056550516,0.5856976116068847,0.03556660811937594,0.2525800093074038,0.46736421300321457
312,0.9262201604096904,0.010028023606185916,0.9752350478805168,0.015543915253633741,0.40034420133106174,0.36359975864162736,0.5888153471521546,0.03893590453515176,0.22894322102719677,0.406129427887445
313,0.9307282758015881,0.007091097371285144,0.9736532805567886,0.018373625715932474,0.4088480096854631,0.2925889011862782,0.5935824604948211,0.0424849232263907,0.2033399318392288,0.32805115396873147
314,0.9325054488272865,0.006358095153351045,0.9719390321437239,0.020229515091905636,0.42111701543360597,0.23131496516594774,0.5995723396429299,0.046208184850582784,0.14865730092045443,0.25819268022032527
315,0.9366528032186973,0.0058137021801878625,0.9708626101255163,0.020418931798458564,0.4277328959900889,0.18073802723097993,0.604503700205587,0.050084730258665035,0.10607581091887479,0.18769044290165718
316,0.9428123527385813,0.004624733806787602,0.970628441987487,0.02122599252932206,0.4254915991173812,0.1395831981669807,0.6062421086404571,0.05407633135020949,0.12390524794593268,0.14871744823864044
317,0.9421129166728842,0.004619579684789782,0.9687219502762201,0.022572433583745055,0.4171280784483292,0.09308968462862392,0.6075925458509153,0.058147988853246214,0.0891095617141354,0.08963752764671176
318,0.9453632206467077,0.004080562179208185,0.9684139396439225,0.02425292688267461,0.40325924485832554,0.05779009339329308,0.6090617427777425,0.06226991574519406,0.11476259123035845,0.07253061016214529
319,0.9457468732095092,0.0036354477116904383,0.96818682920506,0.02540032353443619,0.393739056509411,0.011056225215277406,0.6089171104163476,0.06640092621214802,0.005752789072081403,0.012568113420497937
320,0.9481884660109449,0.0030356926578067552,0.9694274392894583,0.026261381215443254,0.38916281213567677,0.020286949770827775,0.606900943326987,0.07051317053098705,0.22999445033568713,0.00864024599761557
321,0.9677992407527407,0.0007218537219832835,0.9762803949546315,0.02588874259493937,0.37936343696427416,0.11393443345234104,0.5981859080467082,0.07457404624188504,0.11676746394485273,0.10774747823092362
322,0.9664458060929753,0.0,0.9775764483573604,0.02446035528159742,0.38535895673755277,0.0673583505471081,0.5883657889163766,0.07855993529681671,0.3107243650733013,0.07623053578814795
323,0.9811141799565621,0.0007470921380584017,0.9838480743339427,0.02232309610404957,0.38348440906682135,0.17898032551784615,0.5811813315013552,0.08246723280129781,0.07982650474572704,0.20150292798417152
324,0.9859512292057249,0.0012772969205622105,0.9879834295776262,0.01857289798628293,0.39217909792005184,0.14925096457115108,0.5720723549226687,0.0862966162642624,0.12158390508989575,0.14488919998638936
325,0.9999999934455962,0.0027023526276976784,0.99529703178693,0.015599319674452689,0.39976284402532486,0.19913948850679927,0.5598821438848796,0.0900064312111875,0.018438752304462822,0.16303246501371382
326,0.998489485607028,0.006935197906251959,0.9965707533654293,0.009634582705986511,0.39687965250950064,0.2053728414968822,0.5538264449866992,0.09364461911944308,0.061894936623060226,0.2431951308869526
327,0.994613797291065,0.009805007391897626,0.9976271258999341,0.006191253681133117,0.3964628872237162,0.18414898684431105,0.5536742093350405,0.09718537670858043,0.011092403052050984,0.19413813579338152
328,0.9866847455501802,0.013047397445397641,0.9979268849934047,0.0036455094717688977,0.39861773086459507,0.17915960715116655,0.5512664878365249,0.10061706055948225,0.12854696243762354,0.16731381372495
329,0.9884233446918211,0.01699058677065848,0.9999999875631135,0.0,0.3926074341408194,0.2214838509062875,0.5494596726576274,0.10395664762160825,0.12854696243762354,0.23914200703386848
