Frame,Center of Mass distance,Symmetry,Grounding,Arm fold,Leg fold,Kinetic Energy,Potential energy,Bone length coherence,Torque,Center velocity,extremity speed,extremity angular velocity (left arm),extremity angular velocity (right arm),extremity angular velocity (Left leg),extremity angular velocity (right leg),Partial joint attention,efficiency,Spatiality
1,0.7124467400336849,0.14578879421506197,0.9547700760450208,0.5492330751800876,0.7478160524980688,0.05330978481242804,0.4444444444444444,0.9582079031156016,0.14288388025657028,0.6304798217034149,0.025233703284502116,0.20342976644642893,0.11722808693694883,0.012681369395916547,0.12541655911998356,0.11151860312584032,0.9315953764993182,0.6881480876344206
2,0.7111084036921316,0.13450628091205055,0.954887721361199,0.543510305930065,0.7386425304004629,0.05330978481242804,0.4444444444444444,0.9581732050156795,0.14288388025657028,0.6304798217034149,0.025233703284502116,0.20342976644642893,0.11722808693694883,0.012681369395916547,0.12541655911998356,0.11151860312584032,0.9315953764993182,0.6881480876344206
3,0.7137446967509784,0.1259588505676488,0.9550426827461892,0.538299686101412,0.7294115698130001,0.045615545224916766,0.4413365712564003,0.9581685804763962,0.08906753803036731,0.5294599825950351,0.022328509449032367,0.19323754855384107,0.10358399741291462,0.017707801549362343,0.09795247084562439,0.11130807973753339,0.9315953764993182,0.6603017961853166
4,0.7031953975204868,0.11485684787607003,0.9530546763016187,0.5342474866063915,0.7202949097894671,0.05400631014525823,0.43948153358137954,0.9581360964543216,0.123943639632342,0.6551592110125047,0.11846211251351912,0.21463269382900485,0.10569653380722659,0.011920090372633226,0.08381315364543493,0.12012346036358679,0.9393634259796113,0.7204504701904068
5,0.6981167018824932,0.10636107902325896,0.9518933204806538,0.5317050523874449,0.7113335468014623,0.045979921126839504,0.439582493616042,0.9581049011450117,0.041017725935814965,0.5657728009791643,0.064167114852715,0.19740875823861587,0.09274202497553614,0.0026906169831733356,0.08126106580935236,0.19740875823861587,0.9315953764993182,0.5578175182697075
6,0.6945939998435232,0.09761935178955289,0.9512617958657215,0.5312632042427854,0.7045222381689122,0.04545579825263383,0.4388828159430587,0.9580760838217288,0.049878725094933796,0.5572313884149367,0.05120957974573903,0.1869258140795096,0.09244169851362699,0.004787350034057546,0.08863278935708305,0.1869258140795096,0.9367803520041912,0.5338754988883018
7,0.6933731384701411,0.08987991869071191,0.951537535977248,0.5314217136346371,0.6993888336252937,0.04396110681837626,0.438748349181395,0.9580522850057268,0.039835742918479286,0.5268191420114389,0.037844830524645996,0.17946210204991697,0.08497998688846756,0.0029231167247098346,0.09933574234621013,0.10454919164854766,0.9684360033679386,0.5184051288823437
8,0.6954419977933624,0.08331681735766781,0.9534440737525038,0.5320397193945442,0.6978336749060394,0.04347074417585548,0.4390625451852395,0.9580393515935953,0.03637181825145689,0.4947889683316305,0.04602058323852427,0.19348661208094417,0.06854557546358477,0.0014580771675522443,0.11961552049797419,0.11741329971709438,0.9530894369909434,0.5622496665935655
9,0.6941348101026668,0.08175583381232997,0.956418249893464,0.5369290747796224,0.6999334471615379,0.05089350876500319,0.43977924687271763,0.9580232111155303,0.053589705218735836,0.6572585558982353,0.07004392321744357,0.20898790362624314,0.1066724235021181,0.002278174160523735,0.1445386186230821,0.13257244584349698,0.9658562253626898,0.6612786401489056
10,0.6955642484301692,0.0799061195227185,0.9588950683539227,0.5412599654097865,0.7024710908574993,0.04777073112803721,0.441384994012177,0.9580126214044449,0.04231814422529601,0.5727073273907369,0.05207696894420819,0.19445764817659006,0.07824958922440364,0.0033822280745187438,0.139144266660637,0.12510071806396014,0.9841087145169963,0.5725947989553304
11,0.6953960554248577,0.08210888246551395,0.9611334627716667,0.5456839922292435,0.7058062413201036,0.04725934712341168,0.44409202844115647,0.9580053026552631,0.03922130108292045,0.5724196842023552,0.04871966897222192,0.18275157033783046,0.08298673995653155,0.0070815442989199655,0.1351473286143141,0.1192120871070542,0.9893942199074496,0.5716110513971533
12,0.6944844372528716,0.08548920783458464,0.9633314077102404,0.5496490417176509,0.7104424818018749,0.04662119215335094,0.4472525685109224,0.9580020484683813,0.028668034008949593,0.5702888524004837,0.046073076935696074,0.18161457730380864,0.08485565806712142,0.008137478460024872,0.13391750881314826,0.11832453229385884,0.9942937074704749,0.5784805505065602
13,0.6970225632485281,0.08737957763933174,0.9654447505691413,0.5535233426376929,0.7175074189564399,0.047683287104095175,0.45069634873438935,0.9580018419953409,0.02804075357841523,0.5785911291707977,0.07330525020486214,0.18039810387141908,0.08506819923102853,0.006951183500778025,0.15405502216011951,0.12541992226182697,0.994054079878039,0.5754902766147207
14,0.6963312382551534,0.09046379015581678,0.9672208245312988,0.5564676573729126,0.72429439866121,0.04810383034921733,0.454577158645864,0.9580055625497538,0.03331436627225017,0.5941653931507065,0.05517392065992056,0.18050922083522575,0.08739601582661213,0.009031499710760286,0.1386425634029401,0.11968191908931221,0.9947499032143706,0.5685638025435261
15,0.6936282797669158,0.09307024051584029,0.9692518441544236,0.5588976935273997,0.7309096570803932,0.048039218781441226,0.4589189426270885,0.9580141641875896,0.03796309239057813,0.5985803159089335,0.05213086917950306,0.1751106123442938,0.08932976960460501,0.01115197974808173,0.1284759275079788,0.11384495244460222,0.9977118995392261,0.5602246290952427
16,0.6919616784103786,0.09608970760909111,0.971468874410634,0.5629300194307767,0.7385646233039829,0.04769226389455332,0.4636543204413541,0.9580270480787887,0.037610532622759665,0.5960214926936603,0.05702044870808202,0.17365966988271328,0.09299107831890964,0.011411042942772367,0.13357384202833322,0.11521256696664244,0.9983385425294145,0.5529520624296484
17,0.6913717130590866,0.10027418841413185,0.9738981220047446,0.5649179653407104,0.7467141832996973,0.04734686973316061,0.4682937803767392,0.9580435698940064,0.023130220342240923,0.5864426608112282,0.060691540487775406,0.1569454319698241,0.09170850874342326,0.010263586732877071,0.14051218588974543,0.11154660669733858,0.997807750357495,0.5550834898225175
18,0.6905841554748748,0.1063228968185393,0.9763464549164917,0.5668029708873323,0.7560092155422788,0.048698767927219375,0.4726292246180335,0.9580626389501198,0.028587831186382938,0.6045672802105728,0.06822163270152129,0.16282301782684766,0.09532260039187179,0.0108986183782283,0.1455396924456689,0.1156360163521937,0.9974496288320822,0.5691491600968526
19,0.6895382952252267,0.11383279941749969,0.9786703059803701,0.568605809539851,0.7659437183670254,0.049173418137767794,0.4769135629035063,0.9580836544015099,0.03169513335700177,0.6120759324065164,0.06793253949879666,0.16832084928217533,0.0940530944754541,0.011076564614335196,0.1477923837157859,0.11854246237423546,0.9974729373779615,0.5707239895399476
20,0.6882092532183288,0.12192744287647643,0.9805668738135769,0.5710848499427341,0.7767836891965596,0.04933397072743149,0.48120396164650947,0.9581054895924623,0.028307226925530022,0.6182742867925225,0.06536001505359837,0.16557016468494226,0.09350255429085716,0.014545036761712423,0.14677282305324776,0.11712862040182126,0.9983596136920313,0.5674594311273323
21,0.6880959436674625,0.12942135776794486,0.9821181967964012,0.573145755439889,0.7886741796770194,0.049771544415735676,0.48554848192962,0.958126978708093,0.029703319292317943,0.6241321865367249,0.07482990681012062,0.16013466651400077,0.09924891585271366,0.02048850629550509,0.15070468245705168,0.11656475586414468,0.9989906676838752,0.551061007810933
22,0.6888635743132586,0.13702376307483163,0.9831297186311441,0.5747394181842905,0.8014661629331583,0.049830571559301845,0.48970075291975956,0.9581474756110497,0.019038877124646494,0.6227643304589827,0.08165472879535775,0.1528509428966343,0.10743798337486625,0.023705649072494405,0.15497339426922052,0.11543412643719556,0.9979952329883381,0.545186899781415
23,0.6867018324946426,0.1432651391925448,0.9828249232599318,0.5769484872955084,0.8150629372928471,0.051459006438257966,0.4937815416043543,0.9581674027038725,0.031921711647664726,0.6474849047800538,0.0736474983155876,0.153539732628321,0.11273742793368124,0.026060099966836957,0.1505827955364126,0.10421498902460372,0.9974853980886081,0.5611725314752459
24,0.685957215581199,0.14985022196943748,0.981454483511425,0.5800314516162679,0.8293734916482768,0.05113281228082958,0.49787193110112515,0.9581864084355523,0.043125188897124384,0.6499473514903087,0.06424245990115494,0.1559060798877255,0.110032473668117,0.030395417623329556,0.14848168629749195,0.11414541231945656,0.9975486233976628,0.5513935121288615
25,0.6891299415305172,0.15834047762559028,0.9798911965981418,0.5830994318360279,0.8431036759334625,0.04929081852380767,0.5017185236308229,0.9582032407019447,0.03409743022980098,0.6283032893180863,0.07467510043968095,0.1500242200026116,0.11597743239805587,0.03420458411471432,0.15322424527066522,0.10480647441783317,0.9983150769449768,0.5253279653069811
26,0.6919160442344745,0.16721031685452512,0.9781849122303273,0.5863363686841925,0.8555679029176437,0.04865501117781003,0.5052298736328665,0.958219358224251,0.02619287691545191,0.620138070951757,0.05972033991550194,0.1373127600432919,0.1158701603398222,0.03509703900644336,0.14836357565619793,0.10038662400982801,0.9986726974766107,0.5195302210462337
27,0.6931973020131292,0.1746207185939182,0.9755215134258088,0.5904252859149176,0.8669509408384248,0.049003851608242555,0.5084281487179876,0.9582353431529993,0.028714446931996415,0.623932287786824,0.044809243345759475,0.13151627704669783,0.11251691278563096,0.0380472240477845,0.1427691449418919,0.09670058369355518,0.9958096572905426,0.528699800727285
28,0.6963839575393662,0.18261062847517978,0.972032033708659,0.5929094577723345,0.8771283962153494,0.0474170614349688,0.5113557107678565,0.9582519945364202,0.014498490690498255,0.574465065034641,0.062406377621431426,0.13410681217016024,0.11355565715297836,0.043363631954729295,0.1396030428756517,0.09681637804969759,0.9956982843250195,0.5372789638419896
29,0.6972639181751761,0.1886185763006626,0.9684371574612768,0.5970660343719223,0.8855735183843043,0.05221714174675837,0.5134683349498875,0.9582649629565808,0.04390358006411187,0.7086890685858385,0.029640691872266308,0.1574547033449671,0.14780043275065882,0.04522896205325464,0.1367483241643109,0.11050086506498422,0.9957853145928951,0.5844748752460842
30,0.7010576976320995,0.19624569368897063,0.9645431829524246,0.5983345804016796,0.8923024637803252,0.04818106577922668,0.5148821355505159,0.9582772575563148,0.01942524517984073,0.6064152340882557,0.04950521604065007,0.14930656941508647,0.12921259075128724,0.043784732122121695,0.1312491739489374,0.10244208352882778,0.9961372030050353,0.48608880732958626
31,0.7034405769859495,0.20141862734907529,0.9603586558467159,0.5986225887934213,0.8972702793056981,0.04873297218716741,0.5159901785047722,0.95828879274058,0.025082382373485607,0.6144245919833758,0.03915381178181211,0.1477522753111968,0.1451719636015203,0.04369646567620898,0.12352080219219494,0.10411126027622801,0.9979453797874085,0.4639559059928621
32,0.7046463308932835,0.20436239834589942,0.9560317009974499,0.5985485557233323,0.9005233671972546,0.04876205825765144,0.5164684874542853,0.9583003750379743,0.029043352201692626,0.6158773147707677,0.027570189167737947,0.1459510376912499,0.14816169350462174,0.04318499516067069,0.11516979226431942,0.10232063086504777,0.9987215795931995,0.4413529360428111
33,0.7047581202722819,0.20630125901463855,0.9515395299656578,0.5987187350718906,0.9015533651946941,0.04871463506068197,0.5163281050557494,0.9583114658601283,0.027821248406382185,0.6182173881888081,0.019301757433778734,0.14197402276638169,0.1438375023732728,0.045568328561295175,0.10603926847065859,0.10717932192737045,0.9987197973297787,0.4526382490253866
34,0.7037828634778429,0.20710008414228614,0.9470445103789945,0.5983438919371376,0.9003185744377422,0.04839346735453895,0.5157567198562233,0.9583227176663452,0.02343338508039302,0.6114325579319722,0.028164182038251873,0.1391405771598888,0.14544030329174978,0.050871914136866835,0.09487933173735358,0.10671783016936447,0.9983290986360372,0.4615374243765627
35,0.7023293544633185,0.20642827883271078,0.9432388410711477,0.5965513992664979,0.8969920138566043,0.04801746408945276,0.5145777458299724,0.9583339388693498,0.02078281415959872,0.6027730666241224,0.039338435175226484,0.13796537937992956,0.1538451787434031,0.05474224744813838,0.0863276356555571,0.10942895929624974,0.9969313057925057,0.4587148436797465
36,0.7002082958142608,0.2050137635265021,0.9403333151025821,0.5943753648495516,0.8915167100353487,0.048218619112001,0.5123856822699212,0.9583451480756989,0.018602106291757025,0.6030000594168948,0.050673915910213294,0.14185014056534645,0.15800211893232294,0.058096666653903825,0.07880070385179534,0.11244459731162601,0.9954170285373639,0.4584283443379533
37,0.6972855868295282,0.2019739252227672,0.9389517659900779,0.5928125499254039,0.8845135196260211,0.04952303708123686,0.5087658524201338,0.9583561102748697,0.023532841858764076,0.6207357324275067,0.046452160838042746,0.1417644917882929,0.16171492979576757,0.058767508865513005,0.07185210679414175,0.11380478309402267,0.9961962965842638,0.46732271401104775
38,0.6946269163732977,0.1996021170537574,0.9391169821726042,0.5895843341934535,0.8752475983198855,0.048609142352487734,0.5037835005766368,0.9583666110877888,0.02213089141150245,0.6091376034344627,0.04320958726237443,0.14679364934596856,0.17004497819733896,0.05888548409664422,0.06504931804378548,0.11881448532874032,0.9970551130264179,0.4726631119277855
39,0.6900599751839603,0.19465538761560774,0.9389056194011653,0.5856954721824308,0.8638462144959305,0.04894699443375115,0.49841383755019036,0.9583763828986147,0.020550638616997356,0.6073206392434012,0.05832973572033575,0.14767557532416825,0.17334952190323227,0.06454314187824163,0.05151503551571772,0.12038441146027519,0.9975206091475599,0.46992689136363325
40,0.6846925263463157,0.18801685117101075,0.9387885437959614,0.5829723737148993,0.8502944621203052,0.049700001075753494,0.49290061569047716,0.958385649775568,0.01911586908082661,0.6116490819412158,0.06841451289237079,0.14180518529000333,0.17834579032836578,0.0682274707239601,0.04124272578449945,0.1200566158568884,0.9957881566818256,0.4860110705507098
41,0.6789066832664763,0.18150339605415394,0.9388016471483687,0.5811792131731341,0.8356209849138312,0.0502166994518913,0.4866220898842067,0.9583937376416324,0.022117937374594544,0.6197286338509754,0.07436307857371567,0.14476300909994874,0.18209526326209866,0.06908064776720922,0.027857265033266316,0.12257185213576778,0.9931761273567015,0.4976111932849282
42,0.6719351010877392,0.17416807535992865,0.9385974057641078,0.5790022322117403,0.8204131966219195,0.05060285556223233,0.4796231652900998,0.9583997045828176,0.016650387181424146,0.6225087591592493,0.09036982166972078,0.14724594678780314,0.18637723332537032,0.07339341275723482,0.017119092140092225,0.12510869254244006,0.9935846345781149,0.5160328916248464
43,0.6655695459113358,0.16563281824127024,0.9379772753686599,0.5757356996600889,0.804882462732825,0.05130387679038779,0.47271452278051507,0.9584033052993192,0.017268604557140573,0.6097603245826931,0.08079007248984214,0.15643228732765344,0.19497951349445244,0.08406777695877168,0.014454641486393657,0.1317794253082897,0.98912973576853,0.5321296988230033
44,0.6617488058541316,0.15558147523826882,0.9370044938801647,0.570939003744093,0.7899244853430174,0.05162050179171399,0.4664953059628245,0.9584047432541605,0.0331305209662026,0.6113399319827825,0.05967348918023086,0.16621891538927006,0.2075608686211606,0.09088219918973939,0.0066015513263005,0.1401674190039115,0.9852521533404556,0.5386928819760377
45,0.6595420791900573,0.14499150899920044,0.936549009956269,0.5659990900165127,0.7763663783210604,0.0505735974010355,0.46049378707679034,0.9584038559285152,0.03571730171178128,0.6040098387577911,0.04357428973583596,0.15713444096479517,0.20692734982095734,0.09125229124538305,0.008361977956956566,0.13652317154465718,0.9826073819976838,0.5393122065852617
46,0.6579882820805388,0.1336359570564737,0.9371885105248405,0.5626865514051657,0.7635071734418519,0.04960708757886479,0.4540500390568006,0.9584009217598649,0.03337165860405644,0.5933575913086735,0.038914100882476974,0.14417000253614862,0.20036801896861162,0.09280265439004806,0.009490658817531392,0.12920175806428508,0.9902891957235934,0.5436300530248034
47,0.6583338568096917,0.12154117991847632,0.9382695370984393,0.5598494047843005,0.7513201900440326,0.0488292168708028,0.44734345421538096,0.9583956081881876,0.04395443363921645,0.5765671171953649,0.03522130855674864,0.13764781818349253,0.19672407637557016,0.09990299057860019,0.006644357385318459,0.12538946045964852,0.9973496859099131,0.5517115890130375
48,0.6601873007510617,0.11177142662926515,0.9400043070149652,0.5569931748073895,0.7395376545051415,0.046631543163683294,0.4408669514815771,0.958388558641851,0.01819188369714385,0.5480853569087194,0.04688929749464249,0.12690414843919134,0.19398406061229737,0.10510580011887671,0.005454300226115369,0.12033307839430826,0.9915831206616723,0.5486282480970971
49,0.6624009866765239,0.10773563895456456,0.9418310852538291,0.5540851100229356,0.7285826084379308,0.04757647015313972,0.43475347609802917,0.9583796439994989,0.03142148119829099,0.5586753836593794,0.03498056699723044,0.1285907973859156,0.19993074267387295,0.10535657343094054,0.009059885564325807,0.12319557752242072,0.990118393718363,0.522846875058984
50,0.6642964620348212,0.10642389120730375,0.9424127601585164,0.5511109248699049,0.7194031573733373,0.04715200937162143,0.43002398523514584,0.9583689345866272,0.05013262737163654,0.5526970438622201,0.031125715563424645,0.12222957612574159,0.19830844432318337,0.1073977577595953,0.005421084929097889,0.12020175766834687,0.9897260971128508,0.49805175992396117
51,0.6681305550918807,0.10471242359930397,0.9441478149305295,0.5499777292236563,0.7110755669091537,0.045215246135019385,0.4266718729902761,0.9583569855923089,0.0267401864093,0.524147177503835,0.04281308779544412,0.11163082846803998,0.17916917968892254,0.11373290013934148,0.005305494534590707,0.10113322707407599,0.978517159559643,0.4926351616184782
52,0.6746408160714571,0.10294778337999534,0.9467211994011199,0.5519641230754366,0.7032895060632827,0.04678345636001469,0.4240567740398285,0.9583440628434116,0.03981690254844865,0.5266428918795546,0.07851213777726432,0.10813467015294205,0.16501476581979224,0.13647554780436785,0.003064075334897297,0.10240624594427553,0.9817531608969985,0.5318346455886155
53,0.6767704817041198,0.10481594312211193,0.948658501568984,0.5549696206992039,0.6982577826282481,0.04577061675317476,0.422158968831528,0.9583300823323326,0.05238044260600109,0.537734708671447,0.047967344045282176,0.1072953788675189,0.15915003077503312,0.12304911797145705,0.0037714748583539,0.09737363190350226,0.9728812855406309,0.5119398582935799
54,0.677826930866497,0.10482746396662464,0.9513344340149356,0.5585233844447403,0.6954769819908536,0.04354205805974863,0.4204433706570079,0.9583156622907845,0.010241485557655035,0.5297917116799027,0.016285959840036772,0.10058078325547423,0.1605472473216764,0.11011467457664573,0.002725170531165891,0.0928106762884491,0.9819832037792265,0.4791983659160589
55,0.6821842370606759,0.10155015113268559,0.9543063313119988,0.5623783502494136,0.694026078689461,0.04697261990566136,0.4203228486249207,0.9583016277401155,0.051145448034761544,0.5455097758987028,0.05668237306218022,0.1036923996690046,0.17059869615616227,0.13689871935900869,0.004893534651686034,0.11531153081818912,0.9781625584263518,0.5239737600273524
56,0.6858842240269638,0.10073325524238311,0.9583467215412277,0.5666326861513818,0.6934451077689934,0.04520731178949493,0.42106150911394075,0.9582881509850018,0.0368981733572079,0.5318503568449138,0.044134739509333575,0.09750794206669414,0.15825782259530727,0.1315779798549513,0.0021250857045575,0.09683593612923817,0.9783070647898704,0.49694979590768157
57,0.6890561093907874,0.09979286511789254,0.9623925240247118,0.570796294754218,0.6947275959087136,0.04522772805053198,0.4214445812219956,0.958275379548947,0.02556136847422439,0.5430142126914743,0.041860982199640726,0.10312323321883984,0.15026213011973955,0.13174062589211497,0.0036379141580013567,0.09628149730767359,0.9880556924815564,0.49040662705076593
58,0.6928685717311136,0.09892056316068903,0.9658358571529492,0.5747753614807822,0.6979514868345564,0.04631391886758657,0.42283665347646027,0.9582634376547352,0.029846553080284513,0.5538715589359653,0.058525337248722956,0.1075962135509086,0.15324708030132858,0.14282739380535409,0.005903456744875116,0.10091767191439782,0.9917624733928899,0.5090918656810528
59,0.6961372835263739,0.10038159754007692,0.9687695838147391,0.577804137564536,0.7035268726237989,0.046994252826773435,0.42544950667635023,0.9582525685657964,0.031199311877227562,0.5757619434869488,0.05628917687663741,0.11148629933443814,0.15944534756525713,0.1441361906831631,0.008685101493069315,0.10376695939571459,0.993610999425189,0.5296700717557522
60,0.6989400449609995,0.10255274098010381,0.9720927079274143,0.5811620606318055,0.7110119278287643,0.04780702935991197,0.42868155605644664,0.9582431473894067,0.018385477238338457,0.6022031592299342,0.05347150090347031,0.11870529310897097,0.1578005614780258,0.14502666789764432,0.006897218411306301,0.10538313062116027,0.9935762732135084,0.5582565799683696
61,0.7015228334508181,0.10792017410028697,0.9747546824544971,0.5832158574141368,0.7196739159020483,0.0491776711030142,0.4325959493658119,0.9582353931929078,0.012588952879200477,0.6008258649610349,0.050886972069637125,0.12194401182859464,0.15195432674351397,0.15015030023336684,0.009836383656567601,0.10601215970136887,0.984595322106771,0.5239342988994692
62,0.7021859884928947,0.1211232752039487,0.9764065594242729,0.5845269588224988,0.730108084678641,0.0522719938523592,0.43732725179416626,0.9582287405463771,0.08944610075041308,0.6409030892116703,0.032647435015635384,0.13041320622540353,0.14524498103558375,0.15360140822489135,0.018491737641772393,0.10731489887146965,0.9853399452421174,0.5595566712611042
63,0.709033466450788,0.11667270420724586,0.9807073075687243,0.585851983996516,0.7408217923153355,0.04707539826048635,0.4428145694847395,0.9582252815435376,0.0122811291121437,0.5966950342571892,0.10229075464806754,0.12292688869353625,0.13969223792733626,0.146661405327904,0.008823796392788488,0.10232013298719411,0.9895934206974076,0.568976554143841
64,0.7143917825120705,0.12249738520148021,0.982838026612339,0.586847639914525,0.7530804582084092,0.04988946451753055,0.448462150352445,0.9582232714776059,0.011434812869959439,0.6235097852532709,0.06855876891769748,0.12545759892362518,0.13292659112649025,0.1591782452529556,0.011905954266660424,0.10439060882576776,0.9845204663326081,0.5343069708062085
65,0.7159157081499992,0.13462607442294405,0.9841381070555286,0.5866978337763683,0.7653006719390109,0.053864583117074184,0.4535124353089139,0.9582219959550999,0.09395753529009515,0.6662875075244313,0.023744685230573295,0.13508549136484765,0.1370760399891753,0.15594968979969417,0.021163477700147693,0.10702780528842928,0.9862647116351225,0.5554101313056956
66,0.7254972492438313,0.1341926494126344,0.9874780376419435,0.5861120097531956,0.7787658712187355,0.04780100159372726,0.4583743421752086,0.9582221746851836,0.03318580248974203,0.6068653317035745,0.1194492999974995,0.12813452496899508,0.13516115073717153,0.15947149710907788,0.013710454630204363,0.10569179320381113,0.9892821415823394,0.5724458193985712
67,0.7335037529521334,0.13719907265698655,0.9908860486897787,0.58479442894827,0.7944287133993284,0.047521186380416386,0.4627443980436082,0.958223571715413,0.012165070831642335,0.6071684462668963,0.09629037117582538,0.12625384059890896,0.13132222442253144,0.15922270836896701,0.015638621665581918,0.10419969334760185,0.9897059296968036,0.538558415298822
68,0.7381698485984989,0.14431097254139644,0.9928489878514832,0.5823184210104381,0.8112387869941144,0.051352408116944484,0.4668659484499354,0.9582256017912932,0.011846777757278031,0.657194918379542,0.06270859203498554,0.13744079287527142,0.1354417694340897,0.1558974960063499,0.019543353568966127,0.10719501457892774,0.9934473831876471,0.5535302525770929
69,0.7396011584859394,0.1557939094356184,0.9932597494639019,0.5802945946046179,0.8294565686917299,0.05541681028806797,0.47158142528469904,0.9582279032640261,0.04779545929411277,0.7061209863922027,0.04163912544815943,0.14459756445332894,0.13662157271814618,0.15559023485117898,0.02394866963009381,0.10920234300566352,0.9958625510249443,0.6065550377981775
70,0.7425616762513767,0.16572812704178397,0.9934765244895959,0.5790041899458311,0.8480864865719109,0.05349498321931436,0.4763453614598793,0.95823010760697,0.06182526915032974,0.6853348563815687,0.04759858730037758,0.1430234590420893,0.13624558478124826,0.1557642081875579,0.022566615654103193,0.10875831300272384,0.9964483551526722,0.5854046978348408
71,0.7486350554010347,0.1720367592386881,0.9932979200991753,0.5767805725436406,0.8659964054424385,0.05015589514011802,0.4804629811149506,0.95823237753269,0.037260813889183036,0.6463008455271481,0.06803724403183219,0.1407775268779455,0.1370699960086794,0.15346512209617588,0.023605180062254993,0.1078281612457002,0.9954291579164224,0.5475793904105662
72,0.7556301835982199,0.17684837446273396,0.9912908283369681,0.5741887637986617,0.8820508177428416,0.05025385291358465,0.4841617838212546,0.958234676275265,0.04081405731097866,0.6479036102438567,0.06925973135090893,0.14408366540377132,0.1327405154904921,0.15033141516075324,0.030694638705237698,0.10678889901375417,0.996195604641095,0.5260226596680561
73,0.7616710205038774,0.1815127940044572,0.9885502336954416,0.57218891256022,0.8953414559739757,0.04990295412208644,0.48749789361469603,0.9582368311181845,0.041439572960277865,0.6471122114336963,0.05723506226525838,0.14415476701831165,0.129409678730449,0.1451426361522909,0.030539265507860448,0.10467677047526289,0.9980832550157264,0.5104218771895462
74,0.767405683777329,0.18590931788973608,0.985213436519385,0.5713223702302459,0.9069223301726688,0.049294498511111486,0.4901997665979756,0.9582390913671611,0.04077460276404049,0.641737154757535,0.051640402940186174,0.14364397993580094,0.12352765741768672,0.13714150833608016,0.03535450830489275,0.10107828642239196,0.9990543649881226,0.4997249613120366
75,0.7729965309822286,0.18966221560077343,0.9810135272173721,0.5707758997474539,0.9168879022340057,0.04849787446278961,0.4924669278740938,0.9582413978168633,0.03799082693128265,0.6312694797943815,0.0490447635335075,0.14759816800189007,0.11994228725502579,0.12791176897058804,0.041326490119607054,0.09886305605687598,0.999021384495925,0.4917822007219448
76,0.7780579821203356,0.19212613638668435,0.9767720290142405,0.5692390365156128,0.9242886028932595,0.04790312789501051,0.4944289418316277,0.9582437645900164,0.03731503105297742,0.622090880962502,0.051237370513332756,0.15434003384190867,0.12619677747803854,0.11586797281006847,0.044665405301700795,0.09910119603250392,0.9987592312454173,0.46880168311794573
77,0.782100101605022,0.19399799500178858,0.9728866001700017,0.5675590964138186,0.928484687996501,0.047549019316816085,0.4956856619939447,0.9582462449714756,0.039266095108441285,0.6126710504212884,0.049000031481646736,0.15395435047236944,0.12686624025998142,0.1030584738546427,0.047535212131973,0.1053077215246316,0.9985770069627792,0.4462587754305141
78,0.7856897549509383,0.19577978394683415,0.9692888753677484,0.5665934355334181,0.9291547511044758,0.04749193500737848,0.49603689906666737,0.9582488305620679,0.03447883502382587,0.6134717811734605,0.0516628156584877,0.14769598023198108,0.12716851884848582,0.09182586837716204,0.053038353448923936,0.10307418715517509,0.9986866567807916,0.4299623849432686
79,0.7873890510289674,0.1959134531244458,0.9660643112536148,0.5656337047926759,0.9252012092405093,0.04798820571413291,0.4957741780362485,0.9582513158943773,0.037375243730456635,0.6189879762642733,0.06218133667101613,0.1554020335662543,0.1262153694141472,0.08091633564058251,0.05203898646619378,0.10560652611765056,0.9987279843996629,0.43492413222438625
80,0.7859991345802384,0.1950599671938053,0.9630306003158478,0.564739141155681,0.9162988112431729,0.04789059632487,0.49507290255280495,0.9582537124679722,0.04447304723855913,0.6113170222021757,0.08311525632847916,0.16053852613003117,0.11498224943962729,0.06942393348202665,0.04785553448141619,0.10332029083862193,0.9981406956259467,0.45107176967855206
81,0.7864394487577453,0.1929800662389656,0.9605831219705618,0.5646377263227471,0.9045777878538761,0.04722531426393261,0.49380847992267013,0.9582559046015497,0.0331212407116016,0.5921102101595033,0.06431269849462183,0.15838751738518622,0.10845517478813338,0.060213148800651504,0.0558328817870488,0.10006600956499485,0.997281747240077,0.46934987989343296
82,0.7864326942292077,0.19032097175494353,0.9592955751688054,0.5641721390123424,0.8906585349527036,0.04742550171307752,0.4917797036886246,0.9582580162055577,0.027920287398214907,0.5829471337958323,0.07585349218959322,0.16129446378708095,0.11216361553293841,0.05523466864945975,0.05787449373364523,0.10254677974500725,0.9965320103434787,0.4983661485720428
83,0.7842942816977823,0.18776876085106392,0.9585632117114345,0.5638878812234009,0.8754896192086696,0.04859721571049308,0.48918780833209463,0.9582601874272547,0.03182096583122386,0.5994616472240966,0.09778945332380054,0.15720825869006116,0.1189819400529484,0.05262415402882113,0.05999909453466078,0.10357132452862858,0.9972386422055192,0.5081592536463441
84,0.780934228682794,0.1817877715127452,0.9577482401628006,0.5630179402206019,0.8590659541382093,0.04977899729769656,0.48634933942746217,0.9582625622715081,0.02685020909664967,0.6119894632404993,0.08927579557508446,0.16230092669647894,0.12322453825314421,0.04594685076306581,0.06418508946807044,0.10707204935610867,0.9978425707137688,0.5249228338519728
85,0.7776658996932191,0.17498349173110983,0.9569019345105841,0.5618096261624526,0.8417511906046165,0.050867496007135804,0.48304969480348015,0.9582649568427889,0.028482388953284227,0.6232850840982458,0.08427440101685905,0.17089994700177452,0.1288741918191267,0.04262733920045791,0.06916328234913222,0.11241530205783797,0.9982776321662155,0.5252977516987587
86,0.7728132394418337,0.1695234497996435,0.9559442503629059,0.5606981356414373,0.8241666189529249,0.05154941384159138,0.4788996647654243,0.9582671156197915,0.034193496260136805,0.6345443779090071,0.10539277155520363,0.17045630965190223,0.13263323519491688,0.038390527546466144,0.07057137948266477,0.11365857931755716,0.9977335057418311,0.5238948098217535
87,0.7680354322652878,0.16416212069862068,0.9544809477255999,0.5583577504376992,0.8065053645854146,0.05072466557379458,0.4740376935645817,0.9582689019647604,0.04876031540466867,0.6168453905073293,0.093380020117091,0.1762689651498618,0.13960073305522286,0.025099703063476753,0.07371558268870819,0.11845113682690675,0.9959212233708024,0.528531469064382
88,0.7645655187507356,0.15648145923917312,0.9532139105189156,0.5577002957682773,0.7887129467475644,0.04881105274650963,0.4687045356014701,0.9582700422433332,0.047410806594946495,0.5899206457123807,0.07295608089916968,0.17278768870892666,0.13523966512202343,0.012997325417904788,0.07829748094472164,0.1155102576866063,0.9923282862005413,0.5291139134171554
89,0.7622898344745445,0.14445566441055746,0.9527857727217828,0.5592108981262602,0.7706151052979694,0.048741318694774695,0.4626056780408204,0.9582702390089307,0.027973379170536314,0.6059702859272628,0.08200584820638693,0.17128004898070773,0.12237446845896094,0.011237193553102647,0.0836800863116194,0.11012044403987575,0.9795855765359626,0.5605423877812514
90,0.7595507940876267,0.1332063051827218,0.9521337385117782,0.5601457141762396,0.754798679404626,0.04939882075177151,0.456533221091233,0.9582697026414899,0.012544221087025052,0.6144973392211873,0.1117651724273802,0.1825405010642573,0.12052590810727126,0.016387528920255964,0.08966218146752652,0.1136499034393232,0.9710932472632361,0.5947461218683355
91,0.7550732338911399,0.128911876466836,0.9513463979453943,0.5606692257945838,0.7431467726597989,0.05395776937358689,0.45163192799484386,0.9582680235721334,0.08512394700198675,0.6572215843965875,0.09318232458489081,0.1952761531985946,0.12105424726272343,0.019999033792129268,0.09166086936915399,0.11862390017299425,0.95521910604339,0.557164606720731
92,0.7522461173940662,0.11754547427408256,0.9514572067298819,0.5623582701683889,0.7315614035577535,0.04787651251457545,0.4478054393861486,0.9582660022643198,0.03657094346384156,0.5989938262070167,0.05463971793753099,0.18503128756574005,0.10643533663712852,0.0056582963850665595,0.09574268442785143,0.10929998407607573,0.9487098391335851,0.5772703579286028
93,0.7490574209908776,0.10950826006843672,0.9507598804974261,0.5627904187759213,0.7214865399453194,0.04725601123024588,0.4455717974627728,0.9582635745047015,0.033257069973676695,0.5905314822432448,0.056703605289884905,0.1835972844557975,0.10839290334216627,0.00830449122431301,0.10004887790637833,0.1094963204242364,0.9684221873976019,0.5865462415870584
94,0.7504999099804603,0.10461695443914602,0.9513914051123584,0.5627852359816261,0.7122677295641062,0.046346266760584676,0.4435010125614802,0.9582604438546367,0.03954801630745831,0.559869292235418,0.015990810280013788,0.18037196538692019,0.10307231736978102,0.005768709571629372,0.10450762157816873,0.0969879760837175,0.9611738489874836,0.5447722225106909
95,0.7548442054502633,0.10085581042176373,0.95376823929684,0.563998153727286,0.7040601253578131,0.04554450012975499,0.44015962862136687,0.9582568957021628,0.04073007420564283,0.5377045738223428,0.031612149429187275,0.1725248943485568,0.08844054696742297,0.011240224502657993,0.11359740737038826,0.1072958631446044,0.9449440639663176,0.5303164955537146
96,0.7608506813438105,0.09630270597628089,0.9560083428475066,0.5664245709420845,0.6965490349502135,0.04457620668720794,0.437429473150624,0.9582531160572207,0.019933432474532883,0.5173363551559357,0.05152207973373209,0.16608431104069685,0.0830514360466207,0.0059797221526644555,0.12264020482827147,0.10827169345086311,0.9603827087724928,0.5299362990217699
97,0.7598010833072113,0.09154947613474293,0.9577157666372695,0.5692151124403702,0.6931120503416524,0.046013843112280996,0.4364690613369462,0.9582489622830478,0.0718157490351261,0.5575866785795683,0.0288734350985676,0.17039077346936468,0.0951560809639014,0.013044423404156676,0.11666165713342765,0.10764466147604712,0.9212371896931694,0.5599133024695384
98,0.7618321061330285,0.08453660302467218,0.9637082715196926,0.5732009314823883,0.6896174235913619,0.04195157973435282,0.43415276885056137,0.9582447188544301,0.01702936346192829,0.4896244704881309,0.04969720706640189,0.15199327154339554,0.07299559968475723,0.027506629279090405,0.12434673874011934,0.10362750385631807,0.9176518795505408,0.5924809937327538
99,0.7674193798956422,0.08028999779330061,0.9634117369576067,0.5771219694635532,0.6939228868261783,0.04759913394717561,0.4348100789758205,0.9582400166483659,0.034315370261414825,0.5990155669340885,0.057974215640547895,0.17986766459736453,0.10310289912473107,0.03321783189806648,0.1174519596514549,0.11149485909330728,0.925975572069918,0.5167040186535865
100,0.7673861275916629,0.07844294110072088,0.9651183061809083,0.5792514473202561,0.6980654846769346,0.046541508519917583,0.4393583831181765,0.9582354652412775,0.0423828767587704,0.5804524779619062,0.02354920917721381,0.16879912004787834,0.1143713465017963,0.008225145529648297,0.12117157297141914,0.10108550988027346,0.9256875052241663,0.5520237944913513
101,0.7667430919237724,0.07838844096868453,0.9687396739885921,0.5823316823243342,0.7032770355935593,0.0454819274982354,0.441890517272765,0.9582313370404943,0.043718453181529046,0.5621408254045714,0.012333961495419654,0.15863869083086807,0.10664674534818555,0.010075800588237354,0.13122526079795935,0.09912767424425324,0.9755301559307765,0.5614662066963285
102,0.7688547654647524,0.0783088923870241,0.9720579555579864,0.5867099016776012,0.7091020703760587,0.04431027351313956,0.44388795428140787,0.9582274420101573,0.019806038340375844,0.5466151733170317,0.0346848614877494,0.15206348781430423,0.09664495511835078,0.005763452975013264,0.1351274654445465,0.10769660747206902,0.9851582208415259,0.5457630019874296
103,0.7711666711964362,0.07947233485223079,0.9743894977200167,0.5928301026183511,0.7165535177619422,0.04547106118645743,0.44672009618829467,0.9582237057988535,0.040133207593094015,0.5589593005194383,0.0380678258909787,0.1529553802383939,0.11026006019162553,0.011727029312386793,0.13635265521988643,0.09989202391247647,0.9859761808189502,0.5343245011165266
104,0.7753371359338401,0.07931302288397965,0.9769982042710093,0.5957547603829261,0.7239241415388906,0.0447014219196058,0.45052448452121413,0.9582204880967358,0.007975859373927063,0.5541187211542649,0.05357164808936885,0.16055447919824256,0.10049902526222185,0.010108946562165353,0.1385847945336411,0.11217722764945637,0.9961520918054894,0.5450276967075234
105,0.7759119530854649,0.08153123828728628,0.9789357912943606,0.597664638009418,0.7325749942352119,0.04763020901123287,0.45508821874881833,0.9582179527173507,0.03899253570843117,0.5955827824911355,0.025079141889038665,0.17700735008922786,0.10411395977911922,0.01255145150179266,0.1369549781022688,0.11773587307181126,0.998048187278038,0.5447199094690643
106,0.7770559978141298,0.08585417735963308,0.9810337519569572,0.6002767269992976,0.7413833531041059,0.04665142435842182,0.45981123710909955,0.9582162565007841,0.042265838038039606,0.5822887318957791,0.026215309361559924,0.1631151594545744,0.1022197972394177,0.01195875214344903,0.1374996500350473,0.11273055355860813,0.9984767441857286,0.5392006445672181
107,0.779143013108764,0.09131704166776128,0.9836139729592384,0.603824508491096,0.7512489547789377,0.04552984033805101,0.4641573220807694,0.9582154653701273,0.02746499484145074,0.5728237163434351,0.028854930365942156,0.14025625893688753,0.10065067213631125,0.010510344814607015,0.13926342970201316,0.09504259019380298,0.9825846380050136,0.5267117518890378
108,0.7808097606740729,0.0972906231929695,0.9860879428648258,0.606658731841506,0.7613972467096317,0.04575666164578629,0.4683594526721648,0.9582155649365843,0.009813309118362134,0.5780171955303494,0.02352204806067831,0.1433682765204874,0.10218453900372557,0.01114469983631539,0.1382359792941193,0.09594719870458306,0.9850489622216568,0.5268532223781288
109,0.7896298844563016,0.10128442480015272,0.9881861883829096,0.6090569159669257,0.7728645840355446,0.04907561170259995,0.4732814737074281,0.95821628974637,0.03790797769323201,0.6156493059561924,0.08561888878137816,0.1530781378951912,0.11026921568732154,0.04098142146025767,0.1382198074703826,0.10923672951209018,0.9796022696664342,0.4751577431015481
110,0.7923738164554531,0.10881806978129835,0.989670570326262,0.610413935405055,0.7854831426413772,0.04743235012528221,0.4785197855179091,0.9582176504558355,0.022680694842079605,0.6054546241109946,0.033120735565096086,0.14526394935637216,0.1116914477462017,0.013386561353163925,0.14518273117413932,0.10053453206917828,0.9745941083020377,0.5319712796828164
111,0.7924072995952588,0.11723861616947831,0.9896557578409322,0.6105670056744643,0.799303566331862,0.04792656522906271,0.4837088624668815,0.9582196525059276,0.0255526520609358,0.6155054568411249,0.013667763259050529,0.15546725814187617,0.11883472310775041,0.023388692701108712,0.14681036498335326,0.10527808655824496,0.9782236083491528,0.5630823097273527
112,0.8030637020529487,0.12300591663136308,0.9939408389335922,0.6116983442831672,0.8126587607048357,0.04842014511022296,0.4879689341495483,0.9582224091275066,0.03208052430021589,0.6010889421236223,0.09711388458666388,0.1509478981399684,0.10865088548098481,0.04259237661276803,0.14623203165292237,0.11144247367233404,0.9761325160027956,0.4673455371315502
113,0.8064000870283643,0.13053124991790666,0.9953554312826017,0.613391558198831,0.8274580894375511,0.047641620816629905,0.49140153503378164,0.9582257021002302,0.029600950033313086,0.6128935590474127,0.034911468166176435,0.1493571823641529,0.11293264773150224,0.01446678198379019,0.14227141559799664,0.10114031142341293,0.9801232417355934,0.527400661660805
114,0.8103684875060343,0.137413311254392,0.9959274211007272,0.6153246386489224,0.8436094526768623,0.0474543576213532,0.49534194437728224,0.9582293742008762,0.02884140832531747,0.6132252351667413,0.03818454215324254,0.14311966829201975,0.11149439775167254,0.02287638983807193,0.14223696731088797,0.09921275833864507,0.9930972780556392,0.5435217552402695
115,0.8141634462594556,0.14360607131439246,0.9954665249225763,0.6168375386343354,0.8589185683016316,0.04722159584582105,0.49919696273658437,0.9582332982738857,0.017231150453208305,0.6120418377305837,0.03718578096688,0.13362504139508638,0.1183196507666953,0.02833597604569172,0.14066129091789553,0.0981514957699193,0.9972949696367617,0.5359716426771522
116,0.819696818548829,0.14896856713251116,0.9932600343193891,0.6188755119678283,0.8737746247165921,0.048460991547260183,0.5036708713217372,0.9582374296777558,0.024678263547400495,0.6304080495653805,0.05546778290035799,0.13890276838174828,0.12441783117173529,0.03975386896515959,0.1371105689506768,0.10010779212604008,0.9952693989614786,0.5164967381452674
117,0.8247186529300354,0.15680902342176903,0.9910398706528204,0.6220724875497814,0.8869084540413896,0.048280590133954714,0.5073370449121288,0.958241350046721,0.03625014554736333,0.6220752762632075,0.04313922355255011,0.1414577129374004,0.11862042296155303,0.03076711431330916,0.1421004405904635,0.10054464412235424,0.9941037545828342,0.5074822745913227
118,0.8250318597320293,0.16527612293141308,0.988087343528881,0.6248483111318703,0.897455043768006,0.04528181832736664,0.5095051010042067,0.9582451721959377,0.025827965141535767,0.5700281509012509,0.04305312470333863,0.13267545394883692,0.11858939587286836,0.03642692762630948,0.11197730760304328,0.09081053935618714,0.9936351474806815,0.5208706683288096
119,0.8288250741436115,0.17401967540240082,0.9836763563109163,0.6276535755155825,0.9048650177338936,0.044959106336900534,0.5115790637074424,0.9582491981385522,0.020146341522773628,0.5545176097771141,0.026040519776950315,0.12686565519215148,0.11488573889934028,0.03852023852509474,0.11530433446492856,0.08926393213910508,0.9949417896746835,0.5135514051933714
120,0.8301538643139158,0.17732715893258924,0.9781393353523891,0.6315032504450133,0.9081597822252283,0.047009738925994554,0.5136003208925081,0.9582530280392111,0.010050555317615197,0.6139368067716806,0.005265430377534385,0.12162770870357376,0.12661736079298463,0.04006887341218997,0.11069516091250527,0.08973505760226591,0.9940940563098822,0.42281332455325793
121,0.8307595607797922,0.17998324374982153,0.9722171897752833,0.633973607560893,0.907026064153187,0.04790633190736923,0.5154687588449552,0.9582565696636989,0.03247092784673791,0.6172408066122119,0.021781924995463126,0.14993961503753203,0.14065558210690585,0.0441571746403238,0.10254914989640995,0.1089731989291642,0.9915983507379273,0.40730074568183944
122,0.8312586079869331,0.182646342011329,0.9669131806052154,0.6370249230615452,0.9026565374046358,0.04849621234741247,0.5166048176849807,0.9582599601098186,0.04416855729521936,0.6357554981859258,0.0166287113737756,0.13112898649504112,0.13644848524108283,0.04562382910999009,0.09239363708602447,0.10034155190104647,0.9936669509110083,0.39623027080945805
123,0.834259300198975,0.1905688884679605,0.964192810703274,0.6400971947195865,0.895739954867439,0.041836688103349715,0.5163737566520828,0.9582627922908113,0.010041560476985623,0.49143539481216375,0.03776752997338128,0.12332565777835455,0.1272173512142633,0.04609934436692607,0.08276201621592522,0.0939536283722317,0.9927315601110095,0.5045935567133474
124,0.830560751204305,0.1901426288875233,0.9605893887912784,0.6427725580495219,0.8870403630547965,0.04593468473364555,0.5153483199708527,0.9582655943326733,0.010460425165358733,0.582879189288101,0.04829991508873082,0.12664367555390116,0.13383435970013044,0.04887325570294464,0.06371921050921169,0.09767926322026185,0.9911358108388828,0.38172370457932664
125,0.8220926214422624,0.18203592434897203,0.9562994651553374,0.6452986597849473,0.8782122536032805,0.0493881842205372,0.5144406222240931,0.9582688166969843,0.036041371063250865,0.6237032108609205,0.11363614735578656,0.1304664678518824,0.13730302733368094,0.05155565315041051,0.052444992091395526,0.10041356069458626,0.9915521091725064,0.5078116770741572
126,0.8212781426082819,0.18490993609652132,0.9553939095618011,0.6468242700512064,0.8680184092084422,0.04504983937436997,0.5125464713151342,0.9582715790510724,0.014905998524434902,0.5661953139201645,0.01390604071728076,0.13142775659824177,0.13938333547979015,0.05363271098898433,0.061950906962149346,0.10155415952926197,0.993686076822423,0.44648137072243477
127,0.8166798489752594,0.18034629774383493,0.9541018050722507,0.6468640724188764,0.8572422731183691,0.04712719202923915,0.5093919920619951,0.9582743134063126,0.02429846047740266,0.5857129546796336,0.06713411994154561,0.1326957197696706,0.15170329397603363,0.05643522801116452,0.05113824488850242,0.10664963015463909,0.9936846337624793,0.45820144322598994
128,0.8102881154080138,0.17321350516992584,0.9528373315649504,0.6466764211430089,0.8445595034288879,0.04747203848472383,0.5059735499035227,0.9582770321751078,0.022702122096953083,0.590265787526459,0.08170463153362653,0.13563498364864332,0.15098597839013375,0.06101272663667455,0.036052649178280056,0.10748286076454142,0.9967134525405873,0.4898862960603953
129,0.805173399242151,0.1677804940858531,0.9522297348109358,0.6472298221757509,0.8310667954576197,0.04772893433769004,0.5022446887055971,0.9582796749807732,0.02078216207496951,0.5905859863102287,0.0739571328236913,0.14030774097905413,0.1485474592983666,0.07225274606646612,0.03342679725054876,0.10832070010403276,0.9965193742174301,0.4815652164955722
130,0.8009202076106606,0.16298071902995664,0.9508766712471429,0.6476834144242034,0.8163251845329496,0.04837116360120022,0.4982081176401104,0.9582819918484187,0.023500599473154606,0.592067696644963,0.07789648457255183,0.14488374471450766,0.14479896179824625,0.08005096646555517,0.03136690280054504,0.10863101494228271,0.9939316196195352,0.48502486049083354
131,0.7965331883282083,0.15705774587793786,0.9494723336956695,0.6464356442286922,0.800995917738808,0.04741249222137353,0.49343303111420644,0.9582839584099738,0.02594064817064078,0.5827216136390783,0.06270668363297713,0.1404153617748589,0.15675282340948243,0.07204747983846546,0.02366228647268346,0.11143806944412797,0.9917160338853307,0.4798223497657608
132,0.789827784622877,0.14840088910848503,0.9490661297710445,0.645464735779528,0.7861608163629168,0.04691226790084281,0.48721592566385613,0.9582855916082853,0.03439827904134356,0.5844390201071163,0.08589917970020752,0.1344202534422482,0.16483205780769936,0.0670849872319961,0.013332061875353504,0.11221961671873033,0.9915824805136935,0.49819528706264354
133,0.7844879984804456,0.1373329343589816,0.948743103648657,0.6457845279432627,0.7714021566752014,0.045988384355341215,0.48026067865185434,0.9582869265049174,0.012979939440004563,0.5734936172410626,0.08581574865645934,0.1289158794485869,0.1534955128102947,0.0726375246043889,0.009364703225486829,0.1059042720970806,0.9876388049691214,0.5409921248940148
134,0.781004464757609,0.1292906123219021,0.9474011494488616,0.6465782355033668,0.7583242620417925,0.04781218247242247,0.4741173776620733,0.9582878530426281,0.02247439807547659,0.5897590950610783,0.06591749733427008,0.1315737160123695,0.15540494975714145,0.08039255098808816,0.008614535784115886,0.10761699966356661,0.9812739634937861,0.5001930764799165
135,0.7794078571767766,0.12267390731236157,0.9475504137241095,0.6470006702333806,0.7457692552826982,0.04773117520321092,0.4687712841208569,0.9582882954924847,0.02932462540855328,0.5809526746572058,0.03571464989546487,0.12863775779311204,0.16612955332198293,0.08722148318979725,0.011181416092137884,0.11053774166816059,0.9723804310419646,0.49451954593127384
136,0.7765921153966803,0.1144569587868027,0.9480067522144665,0.6462544371239223,0.734337236507911,0.04670102072989822,0.4634332588050887,0.9582881475162017,0.03061480865382444,0.5688914700087765,0.04451413485552987,0.1172964065632273,0.17893470641281606,0.08914485191748275,0.0057919900879589495,0.11108666736601625,0.9742725965835934,0.5232062868633002
137,0.7750055395297722,0.10708306040881531,0.9487795651510076,0.6435689925414569,0.7240044472380074,0.04552510123915504,0.458109062358803,0.9582875019622498,0.027353989243225043,0.5531757896472744,0.031210457427607873,0.11774219541018331,0.18322878644307633,0.09219810554586913,0.005535781581736889,0.11286411819497237,0.9797194428027435,0.5199100681533613
138,0.7754364974696307,0.10471672879241165,0.9504379937969869,0.641370203114481,0.7148024052653725,0.04566461868891789,0.45278342915867636,0.9582861988590431,0.03450080901948205,0.5535752263566487,0.01193436977769804,0.11607452056768168,0.177894328092331,0.09810985788813303,0.004240744583994529,0.11023831824750477,0.9923781181349628,0.5272529118346144
139,0.7753518970004912,0.10601420808596217,0.9520596760851285,0.6399694586681348,0.7072690430603756,0.04537272927139956,0.44781263744286437,0.958284272939912,0.037701534777717774,0.5523862677469141,0.021938648853308217,0.10436187386087122,0.17241634229685848,0.10058346015991775,0.0026705617639317908,0.09434041907941186,0.9871807548045884,0.5348303300100122
140,0.7753740896054865,0.10479615349302226,0.9535295303986382,0.6397115149222594,0.7012377323135528,0.04481893163377734,0.443795330904337,0.9582817540239387,0.03972660374737414,0.5460344226492345,0.02437762462454696,0.1028716356104707,0.16842999017911808,0.103130041264421,0.002546420991981033,0.09360791676350244,0.9883146656138055,0.50362465070439
141,0.7779077442276059,0.10165155224684583,0.9560670230778522,0.638698738477606,0.696328704355071,0.043974119320562666,0.440499277098663,0.9582787915830502,0.045291695623757657,0.5264126084517133,0.028666380875328006,0.1078088398855348,0.16520100429153556,0.10955477938245936,0.004993358923803173,0.09564115588988242,0.9842758203756595,0.4830110194117082
142,0.7831886777091078,0.09909244433395167,0.9597966359706394,0.6379121177788991,0.691873092625666,0.042822045794765035,0.4371205584692921,0.9582756403560445,0.028157668398236,0.5060971985538292,0.05379136852230718,0.09723100556785476,0.1654218594918339,0.11746681301167117,0.006296909551193081,0.09502991951783996,0.9851393292071318,0.5124888925871247
143,0.7861306443241298,0.0985808195060586,0.9626491788186018,0.6383324245955799,0.6897034321395799,0.04412979049039339,0.43438211160150814,0.9582721271981507,0.04224579216727947,0.5329029125002102,0.03243112250815996,0.09339494593152432,0.16332975194305438,0.11809464006178083,0.0023544228614731074,0.10553414700181321,0.9692988351807655,0.4960462355851498
144,0.7878182427287511,0.09729015048111941,0.9658338631645393,0.6400785653067145,0.6894970326025232,0.04377443427879129,0.4329673993621707,0.9582684560793087,0.03848102246315481,0.5364921951356811,0.031217714365294972,0.08949818065030266,0.15568196214863844,0.11838760594028659,0.00174301989567168,0.10277608803334688,0.9533381294952482,0.497700513626068
145,0.7890782436419348,0.09584193076752577,0.9689951893605336,0.642143204993255,0.691159445811377,0.04338301842525953,0.43229749767740827,0.9582646351983284,0.026397417177366923,0.53462961579354,0.021019347524482954,0.09402828440862901,0.15862194442623595,0.1190183182915792,0.0033943103092564804,0.09291713678161104,0.9798403279027456,0.4994940835692321
146,0.7913185879511937,0.09664165422431119,0.971675679494279,0.6435971660030537,0.694270778054228,0.044468956353806745,0.43253479649370963,0.9582607169694253,0.03483410538942145,0.5440548765597135,0.03578103552767557,0.09070362589368128,0.17538423675252862,0.12604305816660172,0.006644487048267271,0.11303523559467388,0.9882730571942905,0.5126923688774042
147,0.7960039330557331,0.10154387912891866,0.9745558533244915,0.6454566379054734,0.6976773010845543,0.04494212402359606,0.43370454529076646,0.9582568554887255,0.043903357890858107,0.5426915846879996,0.05435830357540817,0.08903813698659932,0.16595613246675314,0.1374407689269146,0.006857822361922619,0.11377383802262539,0.9942488116157823,0.5215956933777071
148,0.8006811841912873,0.10693532257867404,0.978104298127474,0.6475875974298138,0.7020341426403371,0.044867199866546185,0.4350641668199701,0.958253234335844,0.03969437370342912,0.5550254407998656,0.0522779434526864,0.09118952516420302,0.15402525254114788,0.13807260009160988,0.003923917167400218,0.10953669473728415,0.9960835070339361,0.5180740236259916
149,0.8029622402960774,0.11011318645114726,0.9818834758750191,0.6494875865359653,0.7085566315236568,0.04371235073216908,0.43622887741375505,0.9582499206271354,0.029901585857192006,0.527825332203332,0.04171487853741303,0.09503862545444877,0.15464407162695798,0.13394039235329636,0.002297482836568907,0.10821917399259537,0.994713300904737,0.5077467480513547
150,0.8048666035459551,0.11475802309083083,0.9844691091315554,0.6510664999385133,0.7172824291706672,0.04607808861101923,0.4383263673877271,0.9582468533656181,0.027757600019100076,0.5891393523960756,0.03556993846246318,0.09758986619691237,0.15909932772837937,0.13499028332303903,0.008252134721633098,0.11028360414428191,0.9938233894298818,0.5231784596739272
151,0.8054104449422027,0.12101525464775724,0.9862571470241717,0.6525679965172982,0.7276120588671512,0.047254674427648934,0.4423750973449371,0.9582442597575471,0.03330318693559708,0.6048640601748738,0.0246491962168432,0.1027139246319411,0.16416624871471028,0.1324662688777575,0.013908999558341037,0.1112371940971754,0.993139898764181,0.5254488640779035
152,0.8060902580468778,0.12702028734716483,0.9881465934702007,0.653746816894468,0.7398600458366666,0.04770370156646786,0.447521034104773,0.9582422255248709,0.0359953106445501,0.6091661199910321,0.031146137072128186,0.10789207362312506,0.16980987823299226,0.1370211208614651,0.011750797168982708,0.1036807681793956,0.9936442943668985,0.5324315223375924
153,0.808040363368108,0.1323374815156591,0.9908188227948197,0.6545671085753237,0.7530065618038928,0.047893323481571326,0.4525046954852395,0.9582408378834488,0.03803599323296965,0.6100589944028447,0.044932032086752345,0.11532601220715386,0.16109097476844733,0.14046349256026386,0.01068428937743918,0.10422011988396626,0.9936633262744307,0.5196067220945625
154,0.810641640365723,0.13661924382495713,0.9934189836811989,0.6562837563998809,0.7665221203994872,0.04833554114341305,0.4571313385033351,0.9582400258399036,0.04035475608293015,0.6198659932252955,0.05090117715643727,0.12469649755018555,0.13617213833073719,0.1425244348007295,0.013865582277779894,0.10084826767041306,0.9928154218634789,0.5139460129312812
155,0.8130870443576842,0.14007534628037802,0.9955499875803008,0.6587460987857592,0.7801081948990598,0.04811797896421417,0.4615451124113593,0.9582396845274535,0.06581162790965635,0.6202804033394306,0.04301057405466859,0.12986271943262,0.12173457255922308,0.14263698692613042,0.01453985135627096,0.09855856972949337,0.9935431174933707,0.5134371174412247
156,0.817964886934097,0.15042812906915015,0.997245447439605,0.6602052749804206,0.793963933949695,0.04366094678469568,0.4652620609351214,0.9582395246937195,0.01638111714788109,0.5578577763106944,0.07975133033501272,0.1204540702603502,0.12381991698872705,0.14364612515484415,0.007673968866543458,0.09698002810098034,0.9921198436996418,0.5554261698735097
157,0.8180116193199451,0.1508814728794609,0.9983264740132036,0.6610700894967788,0.8090062801752727,0.051121851385664704,0.46930755114067174,0.9582396351673386,0.04100413226758355,0.6617126397757761,0.06962660705558951,0.13621029904205384,0.1446841236443862,0.13994597758471303,0.015085864254445133,0.10521010006778826,0.9924164142760628,0.5786550012698376
158,0.8190217739031271,0.15440381211693804,0.9992949826693922,0.6612308990824824,0.8247333088839678,0.04987975482227476,0.4741287221078566,0.9582400666132593,0.045976645346710414,0.6487886941378745,0.05347748124010692,0.13182699770593648,0.17528642864757862,0.14176803440482771,0.014530146837819207,0.1122203651895857,0.9937762634131347,0.536073144324484
159,0.8216702138997811,0.1584406080927266,0.9998854880941801,0.6623467122915618,0.8409441755869367,0.04868676364658354,0.47854236083959373,0.9582406337550663,0.03714032687913532,0.6343844519735713,0.05342965831508308,0.13399846680842217,0.1471055706728529,0.1439405520095529,0.018131854485951115,0.106261147372707,0.9907197106145824,0.5112395240870891
160,0.8256640993129032,0.16421554763476423,1.0,0.6633405765917736,0.8567276774302637,0.048515516616714965,0.48219685357729697,0.9582413135311388,0.051817594335734386,0.6298530101595248,0.06249254568614699,0.1370861203771095,0.1350250488575218,0.1449288388909644,0.024368596319527844,0.10426000203139893,0.9902839011836017,0.5085397611054906
161,0.8316788462118894,0.17620022687833908,0.9992841581608818,0.6634492447563856,0.8714654600658993,0.04507071751183547,0.48477052646390856,0.9582419191973687,0.011151590504668836,0.5821959282839664,0.08552785820294113,0.13352785889026914,0.1381771818761197,0.13709515120334792,0.022682688055765184,0.10220004799243418,0.9916052350291313,0.5965453966079037
162,0.8328005317888696,0.17399791426594846,0.9970827949564627,0.663395152518039,0.8852772686581705,0.052338315490793166,0.4876220972001852,0.9582427929167905,0.05848941651827289,0.6734386422787104,0.09380332450504263,0.1422501714915486,0.1480871701059481,0.1323783229037429,0.035112407122370785,0.10567891612530991,0.9923823932261757,0.5932851769020172
163,0.8342253072813637,0.17635474973055756,0.9940943760411468,0.6633793035999298,0.8968861460986404,0.048210931978494215,0.49105389606174515,0.958243769128638,0.04270919261357475,0.634575650816969,0.035956230294525895,0.14461602332727888,0.13884994736691197,0.12293070034714941,0.03237541311772651,0.10159916776033506,0.9913121096358665,0.4720061566464076
164,0.8356142052503794,0.17863913534120077,0.9911182059117768,0.664025245334295,0.9066999819245201,0.04686525597446432,0.49354736917575504,0.9582448667925019,0.03974156507083013,0.6175716940331895,0.03352456805360211,0.14615520127140985,0.12935208055231573,0.11644986436385892,0.03435770483577708,0.09798928654689612,0.9954565757284283,0.45884636765461084
165,0.8337799211562515,0.18138677410627413,0.9884969657193513,0.6644219600980255,0.9128074011723506,0.04550801830114995,0.49495881732070846,0.9582459912301226,0.02878833129625933,0.6000597933018463,0.0370086144539434,0.14690006899836267,0.12480449494592069,0.10653337289045173,0.028547232154029455,0.09455948420868376,0.9315953764993182,0.444173503167668
166,0.8325308086105813,0.18300669880801468,0.9850037828808689,0.6651989461934582,0.9173279855756247,0.046170514064231616,0.49569268643939063,0.9582471337271855,0.034302569331712995,0.6053597911253785,0.020966372328785007,0.15511526358098054,0.11755643201717496,0.09638622630227922,0.03907381364586691,0.1022518858493083,0.9976258103618025,0.4164739782061143
167,0.8296214299088696,0.18398537725104677,0.9828542633751045,0.6655438253802877,0.9202236363970453,0.04568371286190401,0.495928266732357,0.958248297472033,0.026957130209952655,0.5960648562771419,0.035356139584316305,0.15315761890199162,0.1218868145766111,0.08496374356456397,0.04076765203411462,0.10314166255447602,0.9315953764993182,0.39582638899486733
168,0.8271449716127353,0.18547926039234267,0.9810189394716272,0.6645156295784578,0.918623462283692,0.04604690141590415,0.49577770897437023,0.9582494930009241,0.026957130209952655,0.5901811157788784,0.031821625901670675,0.15170921501855555,0.1388966852657169,0.07188096009900105,0.0456981594907714,0.10897721260660216,0.9981467705626359,0.32726534264288715
